TimeStamp,AVALANCHE,BLIZZARD,COASTAL_FLOOD,COLD/WIND_CHILL,DEBRIS_FLOW,DENSE_FOG,DENSE_SMOKE,DROUGHT,DUST_DEVIL,DUST_STORM,EXCESSIVE_HEAT,ASTRONOMICAL_LOW_TIDE,EXTREME_COLD/WIND_CHILL,FLASH_FLOOD,FLOOD,FREEZING_FOG,FROST/FREEZE,FUNNEL_CLOUD,HAIL,HEAT,HEAVY_RAIN,HEAVY_SNOW,HIGH_SURF,HIGH_WIND,HURRICANE_(TYPHOON),ICE_STORM,LAKE-EFFECT_SNOW,LAKESHORE_FLOOD,LIGHTNING,MARINE_HAIL,MARINE_HIGH_WIND,MARINE_STRONG_WIND,MARINE_THUNDERSTORM_WIND,RIP_CURRENT,SEICHE,SLEET,SNEAKERWAVE,STORM_SURGE/TIDE,STRONG_WIND,THUNDERSTORM_WIND,TORNADO,TROPICAL_DEPRESSION,TROPICAL_STORM,TSUNAMI,VOLCANIC_ASH,WATERSPOUT,WILDFIRE,WINTER_STORM,WINTER_WEATHER,PRECIPITATION,precip_12m_mean,precip_12m_std,precip_12m_z,season_sin,season_cos
1996-01,0.0,82.0,16.0,43.0,0.0,0.0,0,0.0,0.0,0,0.0,0.0,0.0,121,229,0.0,0.0,0,1,4,0,207,0.0,191,0.0,5.0,0.0,0.0,0,0,0.0,0,0,0.0,0.0,0.0,0,0.0,0,31,0,0.0,0.0,0.0,0,0.0,0.0,42,0,5.639999999999999,5.639999999999999,2.2156331086974546,0.0,0.4999999999999999,0.8660254037844387
1996-02,0.0,0.0,0.0,34.0,0.0,3.0,0,0.0,0.0,0,0.0,0.0,0.0,22,0,0.0,0.0,0,1,0,0,127,0.0,78,0.0,0.0,0.0,0.0,1,0,0.0,0,0,0.0,0.0,0.0,0,0.0,0,3,0,0.0,0.0,0.0,0,0.0,0.0,13,0,5.639999999999999,5.639999999999999,0.0,0.0,0.8660254037844386,0.5000000000000001
1996-03,0.0,0.0,10.0,13.0,0.0,0.0,0,0.0,0.0,0,0.0,0.0,0.0,6,1,0.0,0.0,0,0,0,0,126,0.0,87,0.0,4.0,0.0,0.0,3,0,0.0,0,0,0.0,0.0,0.0,0,0.0,0,21,0,0.0,0.0,0.0,0,0.0,0.0,61,3,3.81,5.029999999999999,1.0565509926170145,-1.1547005383792517,1.0,6.123233995736766e-17
1996-04,0.0,0.0,0.0,0.0,0.0,0.0,0,0.0,0.0,0,0.0,0.0,0.0,44,28,0.0,0.0,0,14,0,3,27,0.0,5,0.0,0.0,0.0,0.0,0,0,0.0,0,0,0.0,0.0,0.0,0,0.0,0,133,1,0.0,0.0,0.0,0,0.0,0.0,0,25,6.33,5.3549999999999995,1.0801388799594243,0.902661702203171,0.8660254037844387,-0.4999999999999998
1996-05,0.0,0.0,0.0,16.0,0.0,0.0,0,0.0,0.0,0,0.0,0.0,0.0,26,26,0.0,0.0,2,23,30,1,19,0.0,0,0.0,0.0,0.0,0.0,6,0,0.0,0,0,0.0,0.0,0.0,0,0.0,0,137,2,0.0,0.0,0.0,0,0.0,0.0,0,21,2.64,4.811999999999999,1.5327328534353268,-1.4170766909131476,0.4999999999999999,-0.8660254037844387
1996-06,0.0,0.0,0.0,0.0,0.0,0.0,0,0.0,0.0,0,0.0,0.0,0.0,97,20,0.0,0.0,0,68,0,0,0,0.0,0,0.0,0.0,0.0,0.0,15,0,0.0,0,0,0.0,0.0,0.0,0,0.0,1,201,7,0.0,0.0,0.0,0,0.0,0.0,0,0,5.709999999999999,4.961666666666666,1.4190900840562115,0.5273332128390031,1.2246467991473532e-16,-1.0
1996-07,0.0,0.0,0.0,0.0,0.0,0.0,0,0.0,0.0,0,0.0,0.0,0.0,97,27,0.0,0.0,7,62,0,23,0,0.0,10,0.0,0.0,0.0,0.0,15,0,0.0,0,0,0.0,0.0,0.0,0,0.0,2,138,21,0.0,9.0,0.0,0,1.0,0.0,0,0,5.76,5.075714285714286,1.3301235173579071,0.5144527597293717,-0.5000000000000001,-0.8660254037844386
1996-08,0.0,0.0,3.0,0.0,0.0,0.0,0,3.0,1.0,0,0.0,0.0,0.0,34,0,0.0,0.0,2,30,0,20,0,4.0,0,0.0,0.0,0.0,0.0,15,0,0.0,0,0,0.0,0.0,0.0,0,0.0,0,96,1,0.0,0.0,0.0,0,2.0,0.0,0,0,1.87,4.675,1.6736359051051521,-1.6759917682476857,-0.8660254037844384,-0.5000000000000004
1996-09,0.0,0.0,0.0,0.0,0.0,0.0,0,0.0,0.0,0,0.0,0.0,0.0,58,0,0.0,0.0,3,11,0,26,0,0.0,3,0.0,0.0,0.0,0.0,2,0,0.0,0,0,0.0,0.0,0.0,0,0.0,5,35,5,0.0,0.0,0.0,0,0.0,0.0,0,0,4.97,4.707777777777777,1.5686282046566813,0.16716658634836531,-1.0,-1.8369701987210287e-16
1996-10,0.0,0.0,19.0,25.0,0.0,0.0,0,0.0,0.0,0,0.0,0.0,0.0,68,16,0.0,0.0,0,0,0,51,0,0.0,47,0.0,0.0,0.0,0.0,0,0,0.0,0,0,0.0,0.0,0.0,0,0.0,25,14,0,0.0,0.0,0.0,0,0.0,0.0,0,0,7.52,4.989,1.7257040431210806,1.4666477778092666,-0.8660254037844386,0.5000000000000001
1996-11,0.0,0.0,0.0,0.0,0.0,0.0,0,0.0,0.0,0,0.0,0.0,0.0,40,33,0.0,0.0,0,0,0,20,54,0.0,20,0.0,0.0,0.0,0.0,0,0,0.0,0,0,0.0,0.0,0.0,0,0.0,0,37,10,0.0,0.0,0.0,0,0.0,0.0,2,20,2.87,4.796363636363636,1.7573973524918756,-1.0961457485025665,-0.5000000000000004,0.8660254037844384
1996-12,0.0,0.0,86.0,0.0,0.0,0.0,0,0.0,0.0,0,0.0,0.0,0.0,82,51,0.0,0.0,0,0,0,142,55,0.0,26,0.0,0.0,0.0,0.0,0,0,0.0,0,0,0.0,0.0,0.0,0,0.0,0,12,0,0.0,0.0,0.0,0,0.0,0.0,20,13,6.479999999999996,4.9366666666666665,1.7446767522085482,0.8845955741541563,-2.4492935982947064e-16,1.0
1997-01,0.0,0.0,4.0,75.0,0.0,0.0,0,0.0,0.0,0,0.0,0.0,0.0,7,9,0.0,0.0,0,0,25,6,65,0.0,2,0.0,0.0,11.0,0.0,0,0,0.0,0,0,0.0,0.0,0.0,0,0.0,1,0,0,0.0,0.0,0.0,0,0.0,0.0,42,100,3.65,4.770833333333333,1.7661898298743295,-0.6346052470549467,0.4999999999999999,0.8660254037844387
1997-02,0.0,0.0,0.0,0.0,0.0,1.0,0,0.0,0.0,0,0.0,0.0,0.0,10,1,0.0,0.0,0,0,93,0,21,0.0,92,0.0,1.0,0.0,0.0,1,0,0.0,0,0,0.0,0.0,0.0,0,0.0,0,17,0,0.0,0.0,0.0,0,0.0,0.0,35,44,2.54,4.5125,1.8521247012798319,-1.0649930853127698,0.8660254037844386,0.5000000000000001
1997-03,0.0,0.0,17.0,0.0,0.0,1.0,0,0.0,0.0,0,0.0,4.0,0.0,3,4,0.0,0.0,0,4,30,0,73,0.0,80,0.0,29.0,0.0,0.0,0,0,0.0,0,0,0.0,0.0,0.0,0,1.0,46,1,0,0.0,0.0,0.0,0,0.0,0.0,69,39,5.18,4.626666666666666,1.8471025631479907,0.2995682775678117,1.0,6.123233995736766e-17
1997-04,0.0,0.0,0.0,33.0,0.0,0.0,0,0.0,0.0,0,0.0,0.0,0.0,0,2,0.0,0.0,0,0,0,0,47,0.0,12,0.0,0.0,0.0,0.0,0,0,0.0,0,0,0.0,0.0,0.0,0,0.0,27,0,0,0.0,0.0,0.0,0,0.0,0.0,33,2,2.86,4.3374999999999995,1.8277165336213175,-0.8083857495519714,0.8660254037844387,-0.4999999999999998
1997-05,0.0,0.0,0.0,26.0,0.0,0.0,0,0.0,0.0,0,0.0,0.0,0.0,16,2,0.0,0.0,3,42,0,22,0,0.0,7,0.0,0.0,0.0,0.0,7,0,0.0,0,0,0.0,0.0,0.0,0,1.0,2,186,1,0.0,0.0,0.0,0,0.0,0.0,0,0,3.05,4.371666666666666,1.7966677910830229,-0.735621060958616,0.4999999999999999,-0.8660254037844387
1997-06,0.0,0.0,4.0,0.0,0.0,0.0,0,30.0,0.0,0,0.0,0.0,0.0,18,0,0.0,0.0,1,13,22,23,0,0.0,0,0.0,0.0,0.0,0.0,14,0,0.0,0,0,0.0,0.0,0.0,0,0.0,4,52,1,0.0,0.0,0.0,0,0.0,0.0,0,0,3.05,4.1499999999999995,1.7805566034759512,-0.6177843478003515,1.2246467991473532e-16,-1.0
1997-07,0.0,0.0,0.0,0.0,0.0,0.0,0,0.0,0.0,0,0.0,0.0,0.0,24,3,0.0,0.0,2,52,32,29,0,0.0,0,0.0,0.0,0.0,0.0,23,0,0.0,0,0,0.0,0.0,0.0,0,0.0,0,253,10,0.0,0.0,0.0,0,0.0,2.0,0,0,8.36,4.366666666666666,2.120095766847823,1.8835627124856988,-0.5000000000000001,-0.8660254037844386
1997-08,0.0,0.0,7.0,0.0,0.0,0.0,0,8.0,0.0,0,0.0,0.0,0.0,12,0,0.0,0.0,1,38,24,13,0,0.0,1,0.0,0.0,0.0,0.0,18,0,1.0,0,0,0.0,0.0,0.0,0,0.0,1,175,6,0.0,0.0,0.0,0,1.0,0.0,0,0,3.2100000000000004,4.478333333333333,2.0090198122618412,-0.6313194750953639,-0.8660254037844384,-0.5000000000000004
1997-09,0.0,0.0,0.0,0.0,0.0,0.0,0,0.0,0.0,0,0.0,0.0,0.0,9,1,0.0,0.0,1,0,0,13,0,0.0,3,0.0,0.0,0.0,0.0,2,0,0.0,0,0,0.0,0.0,0.0,0,0.0,1,15,3,0.0,0.0,0.0,0,1.0,0.0,0,0,2.1,4.239166666666666,2.113293243573483,-1.0122431769333782,-1.0,-1.8369701987210287e-16
1997-10,0.0,0.0,4.0,0.0,0.0,0.0,0,59.0,0.0,0,0.0,0.0,0.0,0,0,0.0,0.0,0,0,0,0,3,0.0,1,0.0,0.0,0.0,0.0,0,0,0.0,0,0,0.0,0.0,0.0,0,0.0,0,1,0,0.0,0.0,0.0,0,0.0,0.0,0,1,2.1,3.7874999999999996,1.91857487355968,-0.8795591056965375,-0.8660254037844386,0.5000000000000001
1997-11,0.0,0.0,18.0,0.0,0.0,0.0,0,0.0,0.0,0,0.0,0.0,0.0,18,2,0.0,0.0,0,4,0,23,59,0.0,19,0.0,18.0,1.0,0.0,1,0,0.0,0,0,0.0,0.0,0.0,0,0.0,51,1,1,0.0,0.0,0.0,0,0.0,1.0,35,37,4.68,3.9383333333333326,1.9110198768450752,0.3880999227967703,-0.5000000000000004,0.8660254037844384
1997-12,0.0,0.0,8.0,0.0,0.0,0.0,0,0.0,0.0,0,0.0,0.0,0.0,0,0,0.0,0.0,0,0,0,13,139,0.0,12,0.0,4.0,0.0,0.0,0,0,0.0,0,0,0.0,0.0,0.0,0,0.0,6,0,0,0.0,0.0,0.0,0,0.0,0.0,43,87,4.2700000000000005,3.7541666666666664,1.7429048810082615,0.29596183874069315,-2.4492935982947064e-16,1.0
1998-01,0.0,0.0,7.0,0.0,0.0,1.0,0,0.0,0.0,0,0.0,0.0,0.0,98,74,0.0,0.0,0,8,61,22,15,0.0,2,0.0,87.0,0.0,0.0,0,0,0.0,0,0,0.0,0.0,0.0,0,0.0,7,15,0,0.0,0.0,0.0,0,0.0,0.0,54,42,5.2,3.883333333333333,1.7912480835913531,0.73505545029074,0.4999999999999999,0.8660254037844387
1998-02,0.0,0.0,29.0,0.0,0.0,0.0,0,0.0,0.0,0,0.0,0.0,0.0,2,0,0.0,0.0,0,3,30,24,46,0.0,26,0.0,1.0,0.0,0.0,4,0,0.0,0,0,0.0,0.0,0.0,0,0.0,56,1,0,0.0,0.0,0.0,0,0.0,0.0,28,19,5.8100000000000005,4.155833333333333,1.8168577186166697,0.9104547096434867,0.8660254037844386,0.5000000000000001
1998-03,0.0,0.0,8.0,0.0,0.0,0.0,0,0.0,0.0,0,0.0,0.0,0.0,16,25,0.0,0.0,0,1,58,44,75,0.0,17,0.0,0.0,0.0,0.0,0,0,0.0,0,0,0.0,0.0,0.0,0,0.0,14,3,1,0.0,0.0,0.0,0,0.0,0.0,19,20,5.08,4.1475,1.811955874437645,0.5146372564339675,1.0,6.123233995736766e-17
1998-04,0.0,0.0,4.0,0.0,0.0,0.0,0,0.0,0.0,0,0.0,0.0,0.0,29,17,0.0,0.0,0,10,0,23,1,0.0,2,0.0,0.0,0.0,0.0,7,0,0.0,0,0,0.0,0.0,0.0,0,0.0,1,31,4,0.0,0.0,0.0,0,0.0,0.0,0,2,7.050000000000002,4.496666666666667,1.9404513689220653,1.3158450524589698,0.8660254037844387,-0.4999999999999998
1998-05,0.0,0.0,12.0,0.0,0.0,0.0,0,0.0,0.0,0,0.0,0.0,0.0,16,14,0.0,0.0,3,93,0,54,0,0.0,2,0.0,0.0,0.0,0.0,42,0,0.0,0,0,0.0,0.0,0.0,0,0.0,0,363,37,0.0,0.0,0.0,0,1.0,0.0,0,0,6.94,4.820833333333334,2.000792835277299,1.0591634622546824,0.4999999999999999,-0.8660254037844387
1998-06,0.0,0.0,0.0,0.0,0.0,0.0,0,16.0,0.0,0,0.0,0.0,0.0,99,9,0.0,0.0,2,150,21,19,0,0.0,0,0.0,0.0,0.0,0.0,43,0,0.0,0,0,2.0,0.0,0.0,0,0.0,0,391,41,0.0,0.0,0.0,0,0.0,0.0,0,0,5.939999999999999,5.0616666666666665,1.9413108660871097,0.45244342298649654,1.2246467991473532e-16,-1.0
1998-07,0.0,0.0,0.0,0.0,0.0,0.0,0,30.0,0.0,0,0.0,0.0,0.0,31,9,0.0,0.0,0,9,24,0,0,0.0,0,0.0,0.0,0.0,0.0,8,0,0.0,0,0,0.0,0.0,0.0,0,0.0,0,74,1,0.0,0.0,0.0,0,1.0,0.0,0,0,1.09,4.4558333333333335,1.9527670732640503,-1.7236225351277268,-0.5000000000000001,-0.8660254037844386
1998-08,0.0,0.0,0.0,0.0,0.0,0.0,0,30.0,0.0,0,0.0,0.0,0.0,21,10,0.0,0.0,0,15,17,1,0,0.0,0,0.0,0.0,0.0,0.0,12,0,0.0,0,0,6.0,0.0,0.0,0,0.0,0,93,0,0.0,0.0,0.0,0,0.0,1.0,0,0,2.78,4.42,1.981441165139428,-0.8276803918548843,-0.8660254037844384,-0.5000000000000004
1998-09,0.0,0.0,0.0,0.0,0.0,0.0,0,30.0,0.0,0,0.0,0.0,0.0,3,0,0.0,0.0,3,46,23,0,0,0.0,0,0.0,0.0,0.0,0.0,8,0,0.0,0,0,0.0,0.0,0.0,0,0.0,3,211,8,0.0,0.0,0.0,0,1.0,0.0,0,0,3.439999999999999,4.531666666666666,1.8736344522360984,-0.582646559132072,-1.0,-1.8369701987210287e-16
1998-10,0.0,0.0,0.0,0.0,0.0,2.0,0,22.0,0.0,0,0.0,0.0,0.0,0,0,0.0,0.0,0,0,0,22,0,0.0,29,0.0,0.0,0.0,0.0,2,0,0.0,0,0,0.0,0.0,0.0,0,0.0,2,2,0,0.0,0.0,0.0,0,0.0,0.0,0,0,2.76,4.586666666666667,1.8041635348842588,-1.0124728891518429,-0.8660254037844386,0.5000000000000001
1998-11,0.0,0.0,0.0,0.0,0.0,0.0,0,30.0,0.0,0,0.0,0.0,0.0,0,0,0.0,0.0,0,0,30,0,2,0.0,73,0.0,0.0,0.0,0.0,0,0,0.0,0,0,0.0,0.0,0.0,0,0.0,3,5,0,0.0,0.0,0.0,0,0.0,0.0,0,3,1.48,4.32,2.013463772615829,-1.4105046431058264,-0.5000000000000004,0.8660254037844384
1998-12,0.0,0.0,0.0,8.0,0.0,0.0,0,114.0,0.0,0,0.0,0.0,0.0,0,0,0.0,0.0,0,0,83,0,40,0.0,0,0.0,0.0,0.0,0.0,0,0,0.0,0,0,0.0,0.0,0.0,0,0.0,67,0,0,0.0,0.0,0.0,0,0.0,0.0,1,30,1.12,4.0575,2.2157499243535423,-1.3257362519631055,-2.4492935982947064e-16,1.0
1999-01,0.0,0.0,12.0,0.0,0.0,15.0,0,30.0,0.0,0,0.0,0.0,0.0,90,33,0.0,0.0,0,1,0,71,85,0.0,27,0.0,29.0,2.0,0.0,5,0,0.0,0,0,0.0,0.0,0.0,0,0.0,21,20,2,0.0,0.0,0.0,0,0.0,0.0,367,81,7.019999999999999,4.2091666666666665,2.3587379458027335,1.1916683404085144,0.4999999999999999,0.8660254037844387
1999-02,0.0,0.0,0.0,0.0,0.0,0.0,0,30.0,0.0,0,0.0,0.0,0.0,3,0,0.0,0.0,0,0,1,3,18,0.0,1,0.0,0.0,0.0,0.0,0,0,0.0,0,0,0.0,0.0,0.0,0,0.0,0,10,1,0.0,0.0,0.0,0,0.0,0.0,0,29,3.49,4.015833333333333,2.3101769248787907,-0.22761604432566226,0.8660254037844386,0.5000000000000001
1999-03,0.0,2.0,9.0,0.0,0.0,0.0,0,10.0,0.0,0,0.0,0.0,0.0,13,4,0.0,0.0,0,1,1,26,194,0.0,2,0.0,0.0,0.0,0.0,1,0,0.0,0,0,0.0,0.0,0.0,0,0.0,99,4,1,0.0,0.0,0.0,0,0.0,0.0,47,10,4.01,3.926666666666667,2.2858908481589775,0.03645551728790901,1.0,6.123233995736766e-17
1999-04,0.0,0.0,0.0,0.0,0.0,0.0,0,25.0,0.0,0,0.0,0.0,0.0,10,1,0.0,0.0,0,15,0,0,0,0.0,12,0.0,0.0,0.0,0.0,7,0,0.0,0,0,0.0,0.0,0.0,0,0.0,0,6,0,0.0,0.0,0.0,0,0.0,1.0,0,0,1.93,3.5,2.121860247304451,-0.7399167791538024,0.8660254037844387,-0.4999999999999998
1999-05,0.0,0.0,0.0,0.0,0.0,0.0,0,30.0,0.0,0,0.0,0.0,0.0,8,9,0.0,0.0,0,16,0,17,0,0.0,0,0.0,0.0,0.0,0.0,12,0,0.0,0,0,0.0,0.0,0.0,0,0.0,1,41,0,0.0,0.0,0.0,0,0.0,1.0,0,0,4.04,3.2583333333333333,1.841006806235668,0.4245865164751625,0.4999999999999999,-0.8660254037844387
1999-06,0.0,0.0,0.0,0.0,0.0,0.0,0,33.0,0.0,0,0.0,0.0,0.0,1,1,0.0,0.0,0,23,56,4,0,0.0,0,0.0,0.0,0.0,0.0,4,0,0.0,0,0,0.0,0.0,0.0,0,0.0,0,77,0,0.0,0.0,0.0,0,0.0,3.0,0,0,0.5900000000000001,2.8124999999999996,1.7793212444381936,-1.2490718058625416,1.2246467991473532e-16,-1.0
1999-07,0.0,0.0,0.0,0.0,0.0,0.0,0,96.0,0.0,0,0.0,0.0,0.0,16,1,0.0,0.0,0,49,147,0,0,0.0,0,0.0,0.0,0.0,0.0,11,0,0.0,0,0,0.0,0.0,0.0,0,0.0,0,423,4,0.0,0.0,0.0,0,0.0,0.0,0,0,0.4399999999999999,2.7583333333333333,1.8451993404672018,-1.2564134847058501,-0.5000000000000001,-0.8660254037844386
1999-08,0.0,0.0,4.0,0.0,0.0,0.0,0,105.0,0.0,0,0.0,0.0,0.0,30,6,0.0,0.0,2,16,33,46,0,0.0,0,0.0,0.0,0.0,0.0,14,0,0.0,0,0,0.0,0.0,0.0,0,0.0,0,109,3,0.0,0.0,0.0,0,6.0,0.0,0,0,2.89,2.7674999999999996,1.8455899524887058,0.0663744402351205,-0.8660254037844384,-0.5000000000000004
1999-09,0.0,0.0,8.0,0.0,0.0,0.0,0,73.0,0.0,0,0.0,0.0,0.0,100,4,0.0,0.0,0,2,1,49,0,0.0,109,3.0,0.0,0.0,0.0,3,0,0.0,0,0,0.0,0.0,0.0,0,0.0,3,40,0,0.0,4.0,0.0,0,0.0,0.0,0,0,8.809999999999997,3.215,2.5428098273724307,2.2003218407337584,-1.0,-1.8369701987210287e-16
1999-10,0.0,0.0,0.0,0.0,0.0,0.0,0,0.0,0.0,0,0.0,0.0,0.0,0,0,0.0,0.0,0,3,0,3,0,0.0,0,0.0,0.0,0.0,0.0,0,0,0.0,0,0,0.0,0.0,0.0,0,0.0,6,48,0,0.0,0.0,0.0,0,0.0,0.0,0,8,2.7300000000000004,3.2125,2.5433125321838896,-0.18971321608897462,-0.8660254037844386,0.5000000000000001
1999-11,0.0,0.0,0.0,0.0,0.0,120.0,0,0.0,0.0,0,0.0,0.0,0.0,4,1,0.0,0.0,0,0,30,0,9,0.0,79,0.0,0.0,0.0,0.0,0,0,0.0,0,0,0.0,0.0,0.0,0,0.0,2,1,1,0.0,0.0,0.0,0,0.0,0.0,1,7,2.33,3.2833333333333328,2.50217844481503,-0.38100133717833484,-0.5000000000000004,0.8660254037844384
1999-12,0.0,0.0,2.0,0.0,0.0,0.0,0,0.0,0.0,0,0.0,0.0,0.0,0,0,0.0,0.0,0,0,0,13,30,0.0,3,0.0,0.0,0.0,0.0,0,0,0.0,0,0,0.0,0.0,0.0,0,0.0,23,0,0,0.0,0.0,0.0,0,0.0,0.0,3,36,3.23,3.4591666666666665,2.408728288889588,-0.09514010680395639,-2.4492935982947064e-16,1.0
2000-01,0.0,0.0,0.0,0.0,0.0,0.0,0,0.0,0.0,0,0.0,0.0,95.0,0,7,9.0,0.0,0,0,30,0,215,0.0,140,0.0,0.0,0.0,0.0,0,0,0.0,0,0,0.0,0.0,2.0,0,0.0,2,3,0,0.0,0.0,0.0,0,0.0,0.0,136,19,3.23,3.1433333333333326,2.1319574161418924,0.04065121845796719,0.4999999999999999,0.8660254037844387
2000-02,1.0,0.0,0.0,0.0,0.0,0.0,0,0.0,0.0,0,0.0,0.0,0.0,10,29,0.0,0.0,0,0,0,0,88,0.0,1,0.0,55.0,0.0,0.0,0,0,0.0,0,0,0.0,0.0,15.0,0,0.0,0,0,0,0.0,0.0,0.0,0,0.0,0.0,114,27,1.66,2.9908333333333332,2.170016582816122,-0.6132825637702062,0.8660254037844386,0.5000000000000001
2000-03,0.0,0.0,0.0,0.0,0.0,0.0,0,0.0,0.0,0,34.0,0.0,0.0,10,14,0.0,0.0,0,6,51,23,3,0.0,0,0.0,0.0,0.0,0.0,5,0,0.0,0,0,0.0,0.0,0.0,0,0.0,0,19,0,0.0,0.0,0.0,0,0.0,1.0,2,9,3.3400000000000003,2.935,2.149936574117307,0.18837765024127742,1.0,6.123233995736766e-17
2000-04,0.0,0.0,0.0,0.0,0.0,0.0,0,0.0,0.0,0,0.0,0.0,0.0,18,14,0.0,0.0,0,1,0,11,46,0.0,72,0.0,0.0,0.0,0.0,8,0,0.0,0,0,0.0,0.0,0.0,0,0.0,0,12,0,0.0,0.0,0.0,0,0.0,4.0,32,6,3.53,3.0683333333333334,2.131477649354306,0.21659465526486768,0.8660254037844387,-0.4999999999999998
2000-05,0.0,0.0,0.0,0.0,1.0,0.0,0,0.0,0.0,0,2.0,0.0,0.0,50,13,0.0,0.0,5,203,2,18,0,0.0,1,0.0,0.0,0.0,0.0,57,0,0.0,0,0,1.0,0.0,0.0,0,0.0,0,238,3,0.0,0.0,0.0,0,0.0,1.0,0,0,4.5,3.106666666666667,2.1545526147432463,0.6466926469091467,0.4999999999999999,-0.8660254037844387
2000-06,0.0,0.0,0.0,0.0,0.0,0.0,0,0.0,0.0,0,0.0,0.0,0.0,31,7,0.0,0.0,4,65,2,21,0,0.0,0,0.0,0.0,0.0,0.0,20,0,0.0,0,0,0.0,0.0,0.0,0,0.0,0,305,6,0.0,0.0,0.0,0,0.0,0.0,0,0,4.869999999999999,3.463333333333333,2.051878666151109,0.6855506077780301,1.2246467991473532e-16,-1.0
2000-07,0.0,0.0,0.0,72.0,0.0,0.0,0,0.0,0.0,0,0.0,0.0,0.0,79,9,0.0,0.0,1,28,0,32,0,0.0,0,0.0,0.0,0.0,0.0,6,0,0.0,0,0,1.0,0.0,0.0,0,0.0,0,32,1,0.0,0.0,0.0,0,0.0,0.0,0,0,7.279999999999999,4.033333333333333,2.085444506065502,1.556822373946541,-0.5000000000000001,-0.8660254037844386
2000-08,0.0,0.0,0.0,0.0,0.0,0.0,0,0.0,0.0,0,0.0,0.0,0.0,75,14,0.0,0.0,3,25,2,6,0,0.0,0,0.0,0.0,0.0,0.0,23,0,0.0,0,0,0.0,0.0,0.0,0,0.0,0,92,1,0.0,0.0,0.0,0,1.0,0.0,0,0,3.82,4.110833333333333,2.056167919979181,-0.1414443492223523,-0.8660254037844384,-0.5000000000000004
2000-09,0.0,0.0,0.0,2.0,0.0,0.0,0,0.0,0.0,0,0.0,0.0,25.0,37,10,0.0,0.0,0,3,0,47,0,0.0,3,0.0,0.0,0.0,0.0,9,0,0.0,0,0,0.0,0.0,0.0,0,0.0,0,52,1,0.0,0.0,0.0,0,2.0,0.0,0,0,5.82,3.861666666666667,1.5550552947393763,1.2593335683677702,-1.0,-1.8369701987210287e-16
2000-10,0.0,0.0,0.0,1.0,0.0,0.0,0,30.0,0.0,0,1.0,0.0,0.0,0,0,0.0,0.0,0,11,0,0,13,0.0,0,0.0,0.0,0.0,0.0,6,0,0.0,0,0,0.0,0.0,0.0,0,0.0,0,25,0,0.0,0.0,0.0,0,1.0,2.0,0,0,0.67,3.69,1.7876495487345685,-1.689369150758761,-0.8660254037844386,0.5000000000000001
2000-11,0.0,0.0,4.0,1.0,0.0,0.0,0,1.0,0.0,0,0.0,0.0,0.0,0,0,0.0,0.0,0,0,0,19,41,0.0,1,0.0,0.0,0.0,0.0,1,0,0.0,0,0,0.0,0.0,0.0,0,0.0,0,5,0,0.0,0.0,0.0,0,0.0,4.0,0,19,3.54,3.7908333333333335,1.7373828715698336,-0.14437424095627807,-0.5000000000000004,0.8660254037844384
2000-12,0.0,0.0,0.0,0.0,0.0,1.0,0,0.0,0.0,0,0.0,0.0,0.0,56,8,0.0,0.0,0,0,0,2,185,0.0,226,0.0,5.0,1.0,0.0,6,0,0.0,0,0,0.0,1.0,0.0,0,0.0,2,25,0,0.0,0.0,0.0,0,0.0,0.0,116,22,3.1899999999999995,3.7875,1.7385946519060622,-0.34366837568777014,-2.4492935982947064e-16,1.0
2001-01,0.0,0.0,0.0,0.0,0.0,0.0,0,0.0,0.0,0,0.0,0.0,0.0,3,0,0.0,0.0,0,0,0,0,82,0.0,0,0.0,0.0,2.0,0.0,0,0,0.0,0,0,0.0,0.0,22.0,0,0.0,0,0,0,0.0,0.0,0.0,0,0.0,0.0,37,34,3.16,3.7816666666666663,1.7407513181138625,-0.35712548955025575,0.4999999999999999,0.8660254037844387
2001-02,0.0,0.0,0.0,0.0,0.0,0.0,0,0.0,0.0,0,0.0,0.0,0.0,3,0,0.0,0.0,0,0,0,0,109,0.0,122,0.0,31.0,0.0,0.0,0,0,0.0,0,0,0.0,0.0,23.0,0,0.0,4,0,0,0.0,0.0,0.0,0,0.0,0.0,30,23,1.95,3.8058333333333336,1.7103665653533997,-1.085050053553799,0.8660254037844386,0.5000000000000001
2001-03,0.0,0.0,0.0,0.0,0.0,0.0,0,0.0,0.0,0,0.0,0.0,0.0,11,29,0.0,0.0,0,0,0,25,145,0.0,4,0.0,15.0,0.0,0.0,0,0,0.0,0,0,0.0,0.0,8.0,0,0.0,0,2,0,0.0,0.0,0.0,0,0.0,0.0,122,22,7.479999999999999,4.150833333333333,2.0007519419791486,1.6639577334976599,1.0,6.123233995736766e-17
2001-04,0.0,0.0,0.0,0.0,0.0,0.0,0,48.0,1.0,0,0.0,0.0,0.0,3,28,0.0,0.0,0,46,0,3,1,0.0,1,0.0,0.0,0.0,0.0,8,0,0.0,0,0,0.0,0.0,0.0,0,0.0,0,53,2,0.0,0.0,0.0,0,0.0,14.0,0,0,1.58,3.9883333333333333,2.130726864170293,-1.1302872150490957,0.8660254037844387,-0.4999999999999998
2001-05,0.0,0.0,0.0,1.0,0.0,0.0,0,31.0,0.0,0,28.0,0.0,0.0,4,4,0.0,0.0,0,32,0,16,0,0.0,11,0.0,0.0,0.0,0.0,9,0,0.0,0,0,0.0,0.0,0.0,0,0.0,1,27,2,0.0,0.0,0.0,0,0.0,6.0,0,0,2.03,3.7824999999999993,2.1951356346580164,-0.7983561345051119,0.4999999999999999,-0.8660254037844387
2001-06,0.0,0.0,0.0,0.0,0.0,0.0,0,0.0,1.0,0,0.0,0.0,0.0,66,14,0.0,0.0,1,43,23,7,0,0.0,1,0.0,0.0,0.0,0.0,36,0,0.0,0,0,0.0,0.0,0.0,0,0.0,0,144,6,0.0,0.0,0.0,0,0.0,2.0,0,0,5.289999999999999,3.8174999999999994,2.2172879626000106,0.6640995778795162,1.2246467991473532e-16,-1.0
2001-07,0.0,0.0,0.0,30.0,0.0,0.0,0,0.0,1.0,0,0.0,0.0,0.0,11,3,0.0,0.0,2,44,23,5,0,0.0,0,0.0,0.0,0.0,0.0,23,0,0.0,0,0,5.0,0.0,0.0,0,0.0,0,218,6,0.0,0.0,0.0,0,0.0,0.0,0,0,2.04,3.380833333333333,1.9762796008171655,-0.6784633777421555,-0.5000000000000001,-0.8660254037844386
2001-08,0.0,0.0,0.0,0.0,0.0,0.0,0,0.0,0.0,0,0.0,0.0,0.0,38,17,0.0,0.0,1,19,96,0,0,0.0,0,0.0,0.0,0.0,0.0,48,0,0.0,0,0,2.0,0.0,0.0,0,0.0,0,178,3,0.0,0.0,0.0,0,2.0,0.0,0,0,2.56,3.275833333333333,1.9842812224321842,-0.3607519565477305,-0.8660254037844384,-0.5000000000000004
2001-09,0.0,0.0,0.0,0.0,0.0,0.0,0,0.0,0.0,0,0.0,0.0,0.0,11,10,0.0,0.0,0,11,0,11,0,0.0,0,0.0,0.0,0.0,0.0,8,0,0.0,0,0,0.0,0.0,0.0,0,0.0,0,27,4,0.0,0.0,0.0,0,1.0,0.0,0,0,5.300000000000001,3.2324999999999995,1.9285657647824463,1.0720401853826476,-1.0,-1.8369701987210287e-16
2001-10,0.0,0.0,0.0,0.0,0.0,0.0,0,36.0,0.0,0,0.0,0.0,0.0,0,14,0.0,0.0,2,7,0,0,0,1.0,22,0.0,0.0,0.0,0.0,2,0,0.0,0,0,0.0,0.0,0.0,0,0.0,0,17,0,0.0,0.0,0.0,0,0.0,0.0,0,1,0.66,3.231666666666666,1.929775461895328,-1.3326248143609956,-0.8660254037844386,0.5000000000000001
2001-11,0.0,0.0,0.0,0.0,0.0,0.0,0,41.0,0.0,0,0.0,0.0,0.0,0,1,0.0,0.0,0,0,30,0,0,0.0,1,0.0,0.0,0.0,0.0,0,0,0.0,0,0,0.0,0.0,0.0,0,0.0,0,5,0,0.0,0.0,0.0,0,0.0,6.0,0,10,1.36,3.0499999999999994,1.9994635644228522,-0.8452267048376148,-0.5000000000000004,0.8660254037844384
2001-12,0.0,0.0,0.0,0.0,0.0,0.0,0,42.0,0.0,0,1.0,0.0,0.0,0,0,0.0,0.0,0,0,90,0,33,0.0,25,0.0,0.0,1.0,0.0,0,0,0.0,0,0,0.0,0.0,5.0,0,0.0,4,0,0,0.0,0.0,0.0,0,0.0,0.0,4,22,2.24,2.970833333333333,2.012183157817909,-0.3632041797456836,-2.4492935982947064e-16,1.0
2002-01,0.0,0.0,0.0,0.0,0.0,0.0,0,52.0,0.0,0,0.0,0.0,0.0,0,0,1.0,0.0,0,0,30,0,129,0.0,32,0.0,14.0,0.0,0.0,0,0,0.0,0,0,0.0,0.0,29.0,0,0.0,0,0,0,0.0,0.0,0.0,0,0.0,0.0,76,3,1.93,2.8683333333333336,2.032892401272508,-0.46157550333011976,0.4999999999999999,0.8660254037844387
2002-02,0.0,0.0,0.0,0.0,0.0,0.0,0,30.0,0.0,0,0.0,0.0,0.0,0,5,1.0,0.0,0,0,30,0,11,0.0,114,0.0,0.0,0.0,0.0,0,0,0.0,0,0,0.0,0.0,0.0,0,0.0,0,0,0,0.0,0.0,0.0,0,0.0,0.0,27,17,0.71,2.765,2.1137235563638073,-0.972217958120868,0.8660254037844386,0.5000000000000001
2002-03,0.0,0.0,0.0,0.0,0.0,0.0,0,30.0,0.0,0,0.0,0.0,0.0,7,17,0.0,0.0,0,0,0,9,35,1.0,161,0.0,10.0,0.0,0.0,0,0,0.0,0,0,0.0,1.0,20.0,0,0.0,0,61,0,0.0,0.0,0.0,0,0.0,5.0,27,8,3.54,2.436666666666667,1.5439579206073093,0.7146136035231722,1.0,6.123233995736766e-17
2002-04,0.0,0.0,0.0,0.0,0.0,0.0,0,59.0,0.0,0,1.0,0.0,0.0,9,13,0.0,2.0,2,73,0,0,0,0.0,0,0.0,0.0,0.0,0.0,5,0,0.0,0,0,1.0,0.0,0.0,0,0.0,0,80,12,0.0,0.0,0.0,0,0.0,4.0,0,5,3.41,2.589166666666667,1.542026166110577,0.532308304082612,0.8660254037844387,-0.4999999999999998
2002-05,0.0,0.0,0.0,0.0,0.0,0.0,0,59.0,0.0,0,0.0,0.0,15.0,40,11,0.0,33.0,8,87,0,1,0,0.0,4,0.0,0.0,0.0,0.0,9,0,0.0,0,0,0.0,0.0,0.0,0,0.0,0,221,10,0.0,0.0,0.0,0,0.0,0.0,2,0,3.69,2.7274999999999996,1.5616373982574676,0.6163402599566283,0.4999999999999999,-0.8660254037844387
2002-06,0.0,0.0,0.0,0.0,0.0,0.0,0,57.0,0.0,0,0.0,0.0,0.0,36,25,0.0,0.0,0,86,18,1,0,1.0,0,0.0,0.0,0.0,0.0,41,0,0.0,0,0,1.0,0.0,0.0,0,0.0,0,249,8,0.0,0.0,0.0,0,0.0,2.0,0,0,3.69,2.5941666666666667,1.380793305138441,0.7936259027729446,1.2246467991473532e-16,-1.0
2002-07,0.0,0.0,0.0,0.0,0.0,0.0,0,49.0,0.0,0,0.0,0.0,0.0,13,5,0.0,0.0,0,21,128,0,0,0.0,0,0.0,0.0,0.0,0.0,12,0,0.0,0,0,0.0,0.0,0.0,0,0.0,0,153,4,0.0,0.0,0.0,0,0.0,55.0,0,0,1.05,2.5116666666666667,1.4449965922157528,-1.0115364109096978,-0.5000000000000001,-0.8660254037844386
2002-08,0.0,0.0,0.0,0.0,0.0,0.0,0,50.0,0.0,0,0.0,0.0,0.0,18,3,0.0,0.0,0,29,54,0,0,0.0,0,0.0,0.0,0.0,0.0,26,0,0.0,0,0,2.0,0.0,0.0,0,0.0,0,166,1,0.0,0.0,0.0,0,0.0,4.0,0,0,4.91,2.7075,1.6027710379215083,1.3741825550181062,-0.8660254037844384,-0.5000000000000004
2002-09,0.0,0.0,0.0,0.0,0.0,0.0,0,50.0,0.0,0,0.0,0.0,0.0,5,0,0.0,0.0,0,3,0,27,0,0.0,68,0.0,0.0,0.0,0.0,5,0,0.0,0,0,2.0,0.0,0.0,0,0.0,0,21,0,0.0,0.0,0.0,0,0.0,0.0,0,0,5.159999999999999,2.6958333333333333,1.5825667203130527,1.55706968624945,-1.0,-1.8369701987210287e-16
2002-10,0.0,0.0,2.0,0.0,0.0,3.0,0,50.0,0.0,0,0.0,0.0,0.0,1,14,0.0,28.0,0,1,0,44,25,0.0,18,0.0,7.0,0.0,0.0,0,0,0.0,0,0,2.0,0.0,0.0,0,0.0,0,1,0,0.0,0.0,0.0,0,0.0,0.0,0,0,7.2,3.2408333333333332,1.9099807630317926,2.0728830066236457,-0.8660254037844386,0.5000000000000001
2002-11,0.0,0.0,0.0,1.0,0.0,0.0,0,29.0,0.0,0,0.0,0.0,0.0,5,15,0.0,0.0,0,2,0,0,41,0.0,2,0.0,15.0,0.0,0.0,0,0,0.0,0,0,0.0,0.0,0.0,0,0.0,11,11,2,0.0,0.0,0.0,0,0.0,0.0,37,14,5.06,3.549166666666667,1.8771179956776736,0.8048686000625628,-0.5000000000000004,0.8660254037844384
2002-12,0.0,0.0,0.0,0.0,0.0,0.0,0,0.0,0.0,0,0.0,0.0,0.0,0,4,0.0,0.0,0,0,0,0,230,0.0,2,0.0,47.0,0.0,0.0,0,0,0.0,0,0,0.0,0.0,0.0,0,7.0,7,0,0,0.0,0.0,0.0,0,0.0,0.0,72,26,4.06,3.700833333333333,1.8347725067471305,0.19575542218224823,-2.4492935982947064e-16,1.0
2003-01,0.0,0.0,0.0,31.0,0.0,0.0,0,0.0,0.0,0,0.0,0.0,0.0,0,8,0.0,0.0,0,0,0,0,75,0.0,0,0.0,24.0,0.0,0.0,0,0,0.0,0,0,0.0,0.0,0.0,0,18.0,6,0,0,0.0,0.0,0.0,0,0.0,0.0,68,63,2.299999999999999,3.731666666666666,1.805178577584416,-0.7930886641599965,0.4999999999999999,0.8660254037844387
2003-02,0.0,0.0,0.0,0.0,0.0,31.0,0,0.0,0.0,0,0.0,0.0,0.0,13,14,0.0,0.0,0,0,0,15,195,0.0,20,0.0,2.0,0.0,0.0,0,0,0.0,0,0,0.0,0.0,0.0,0,9.0,109,0,0,0.0,0.0,0.0,0,0.0,0.0,46,96,4.55,4.051666666666667,1.5420106905261621,0.32317112740852183,0.8660254037844386,0.5000000000000001
2003-03,0.0,0.0,0.0,7.0,0.0,0.0,0,0.0,0.0,0,0.0,0.0,0.0,1,43,0.0,0.0,0,20,0,0,30,0.0,12,0.0,0.0,0.0,0.0,1,0,0.0,0,0,0.0,0.0,0.0,0,6.0,1,0,0,0.0,0.0,0.0,0,0.0,0.0,14,43,4.569999999999999,4.1375,1.539605173708212,0.2809161773328564,1.0,6.123233995736766e-17
2003-04,0.0,0.0,0.0,0.0,0.0,0.0,0,0.0,0.0,0,0.0,0.0,0.0,0,0,0.0,0.0,0,0,0,0,15,0.0,2,0.0,28.0,0.0,0.0,0,0,0.0,0,0,0.0,0.0,0.0,0,13.0,2,5,0,0.0,0.0,0.0,0,0.0,0.0,55,31,3.2,4.12,1.5497859089681922,-0.5936303812521514,0.8660254037844387,-0.4999999999999998
2003-05,0.0,0.0,0.0,0.0,0.0,0.0,0,0.0,0.0,0,0.0,0.0,0.0,22,6,0.0,9.0,4,29,0,16,0,1.0,0,0.0,0.0,0.0,0.0,3,0,0.0,0,0,0.0,0.0,0.0,0,10.0,38,33,3,0.0,0.0,0.0,0,0.0,0.0,0,0,3.4,4.095833333333332,1.5593323649057074,-0.44623798555955024,0.4999999999999999,-0.8660254037844387
2003-06,0.0,0.0,0.0,0.0,0.0,0.0,0,0.0,0.0,0,0.0,0.0,0.0,30,30,0.0,1.0,2,7,16,23,0,0.0,0,0.0,0.0,0.0,0.0,9,0,0.0,0,0,0.0,0.0,0.0,0,0.0,0,55,1,0.0,0.0,0.0,0,0.0,0.0,0,0,10.26,4.6433333333333335,2.354528840470226,2.3854737177672263,1.2246467991473532e-16,-1.0
2003-07,0.0,0.0,0.0,0.0,0.0,0.0,0,0.0,0.0,0,0.0,0.0,0.0,78,6,0.0,0.0,1,47,21,0,0,0.0,14,0.0,0.0,0.0,0.0,13,0,0.0,0,0,1.0,0.0,0.0,0,0.0,0,295,19,0.0,0.0,0.0,0,0.0,0.0,0,0,3.7599999999999993,4.869166666666667,2.094106267744326,-0.5296611178483364,-0.5000000000000001,-0.8660254037844386
2003-08,0.0,0.0,0.0,0.0,0.0,0.0,0,0.0,0.0,0,0.0,0.0,0.0,186,3,0.0,0.0,2,39,0,4,0,0.0,0,0.0,0.0,0.0,0.0,28,0,0.0,0,0,0.0,0.0,0.0,0,0.0,0,175,2,0.0,0.0,0.0,0,0.0,0.0,0,0,5.849999999999999,4.947499999999999,2.1132659988317113,0.42706408019574155,-0.8660254037844384,-0.5000000000000004
2003-09,0.0,0.0,0.0,0.0,0.0,0.0,0,0.0,0.0,0,0.0,0.0,0.0,45,24,0.0,0.0,1,1,0,9,0,4.0,58,0.0,0.0,0.0,0.0,5,0,0.0,0,0,0.0,0.0,0.0,0,18.0,2,29,5,0.0,42.0,0.0,0,0.0,0.0,0,0,6.029999999999999,5.02,2.136020088431246,0.4728419950122157,-1.0,-1.8369701987210287e-16
2003-10,0.0,0.0,0.0,0.0,0.0,0.0,0,0.0,0.0,0,0.0,0.0,0.0,1,30,0.0,29.0,1,0,0,17,0,0.0,63,0.0,0.0,0.0,0.0,1,0,0.0,0,0,0.0,0.0,0.0,0,7.0,35,46,4,0.0,0.0,0.0,0,0.0,0.0,0,0,4.9,4.828333333333333,2.0228145708093948,0.035429182536484805,-0.8660254037844386,0.5000000000000001
2003-11,0.0,0.0,0.0,0.0,0.0,0.0,0,0.0,0.0,0,0.0,0.0,0.0,45,27,0.0,0.0,0,3,0,10,14,0.0,172,0.0,0.0,0.0,0.0,0,0,0.0,0,0,0.0,0.0,0.0,0,11.0,46,17,0,0.0,0.0,0.0,0,0.0,0.0,4,5,4.18,4.754999999999999,2.029592435575542,-0.2833081114814776,-0.5000000000000004,0.8660254037844384
2003-12,0.0,6.0,0.0,0.0,0.0,0.0,0,0.0,0.0,0,0.0,0.0,0.0,12,72,0.0,0.0,0,0,0,5,170,4.0,2,0.0,0.0,0.0,0.0,0,0,0.0,0,0,0.0,0.0,0.0,0,30.0,3,4,0,0.0,0.0,0.0,0,0.0,0.0,117,31,5.42,4.868333333333333,2.0252220229950715,0.27239811754111526,-2.4492935982947064e-16,1.0
2004-01,0.0,0.0,0.0,193.0,0.0,0.0,0,0.0,0.0,0,0.0,0.0,0.0,0,15,0.0,0.0,0,0,0,0,151,0.0,0,0.0,10.0,0.0,0.0,0,0,0.0,0,0,0.0,0.0,0.0,0,0.0,5,0,0,0.0,0.0,0.0,0,0.0,0.0,49,81,2.13,4.854166666666667,2.045315971736991,-1.3319050475869312,0.4999999999999999,0.8660254037844387
2004-02,0.0,0.0,0.0,0.0,0.0,0.0,0,0.0,0.0,0,0.0,0.0,0.0,2,30,0.0,0.0,0,0,0,6,56,0.0,0,0.0,52.0,0.0,0.0,0,0,0.0,0,0,0.0,0.0,0.0,0,0.0,0,0,0,0.0,0.0,0.0,0,0.0,0.0,37,60,2.68,4.698333333333333,2.139659417814534,-0.9432965436129436,0.8660254037844386,0.5000000000000001
2004-03,0.0,0.0,0.0,0.0,0.0,0.0,0,0.0,0.0,0,0.0,0.0,0.0,1,14,0.0,0.0,0,0,0,0,95,0.0,8,0.0,5.0,0.0,0.0,1,0,0.0,0,0,0.0,0.0,0.0,0,2.0,4,3,0,0.0,0.0,0.0,0,0.0,0.0,24,44,2.9900000000000007,4.566666666666666,2.1961426238389956,-0.7179254432531131,1.0,6.123233995736766e-17
2004-04,0.0,0.0,0.0,0.0,0.0,0.0,0,0.0,0.0,0,0.0,0.0,0.0,2,17,0.0,0.0,0,25,1,18,5,0.0,1,0.0,0.0,0.0,0.0,2,0,0.0,0,0,0.0,0.0,0.0,0,0.0,19,33,1,0.0,0.0,0.0,0,0.0,1.0,2,1,4.109999999999999,4.6425,2.1600762823230455,-0.24651907173728402,0.8660254037844387,-0.4999999999999998
2004-05,0.0,0.0,0.0,0.0,1.0,0.0,0,0.0,0.0,0,0.0,0.0,0.0,80,18,0.0,6.0,2,200,0,1,0,0.0,0,0.0,0.0,0.0,0.0,39,0,0.0,0,0,0.0,0.0,0.0,0,0.0,0,209,5,0.0,0.0,0.0,0,0.0,0.0,0,0,5.76,4.839166666666666,2.1440423093405667,0.4294846838244297,0.4999999999999999,-0.8660254037844387
2004-06,0.0,0.0,0.0,0.0,0.0,0.0,0,0.0,1.0,0,0.0,0.0,0.0,28,5,0.0,0.0,3,38,0,1,0,0.0,0,0.0,0.0,0.0,0.0,15,0,0.0,0,0,0.0,0.0,0.0,0,5.0,1,202,7,0.0,0.0,0.0,0,0.0,0.0,0,0,3.02,4.235833333333333,1.3525024505663126,-0.8989509282029364,1.2246467991473532e-16,-1.0
2004-07,0.0,0.0,0.0,0.0,0.0,0.0,0,0.0,0.0,0,0.0,0.0,0.0,86,30,0.0,0.0,4,64,0,6,0,0.0,0,0.0,0.0,0.0,0.0,21,0,0.0,0,0,1.0,0.0,0.0,0,0.0,0,80,5,0.0,0.0,0.0,0,0.0,0.0,0,0,7.64,4.559166666666666,1.6577446800525188,1.8584486322922358,-0.5000000000000001,-0.8660254037844386
2004-08,0.0,0.0,0.0,0.0,0.0,0.0,0,0.0,0.0,0,0.0,0.0,0.0,77,24,0.0,0.0,1,60,0,2,0,4.0,0,0.0,0.0,0.0,0.0,24,0,0.0,0,0,0.0,0.0,0.0,0,0.0,0,164,8,0.0,0.0,0.0,0,0.0,0.0,0,0,3.02,4.323333333333333,1.6587143615865076,-0.785749109983431,-0.8660254037844384,-0.5000000000000004
2004-09,0.0,0.0,0.0,0.0,0.0,0.0,0,0.0,0.0,0,0.0,0.0,0.0,142,208,0.0,0.0,0,0,0,3,0,0.0,0,0.0,0.0,0.0,0.0,0,0,0.0,0,0,4.0,0.0,0.0,0,16.0,14,12,10,0.0,0.0,0.0,0,0.0,0.0,0,0,11.51,4.78,2.637105851634947,2.5520401450050056,-1.0,-1.8369701987210287e-16
2004-10,0.0,0.0,0.0,0.0,0.0,0.0,0,0.0,0.0,0,0.0,0.0,0.0,0,0,0.0,30.0,0,0,0,0,0,4.0,0,0.0,0.0,0.0,0.0,1,0,0.0,0,0,0.0,0.0,0.0,0,18.0,0,1,1,0.0,0.0,0.0,0,0.0,0.0,0,0,1.15,4.467499999999999,2.836262345219337,-1.1696731811822036,-0.8660254037844386,0.5000000000000001
2004-11,0.0,0.0,0.0,0.0,0.0,0.0,0,0.0,0.0,0,0.0,0.0,0.0,10,16,0.0,0.0,0,4,0,10,0,0.0,2,0.0,0.0,0.0,0.0,1,0,0.0,0,0,0.0,0.0,0.0,0,14.0,64,29,0,0.0,0.0,0.0,0,0.0,0.0,0,6,4.21,4.47,2.8359991024488904,-0.09167844932513883,-0.5000000000000004,0.8660254037844384
2004-12,0.0,0.0,0.0,45.0,0.0,28.0,0,0.0,0.0,0,0.0,0.0,0.0,0,7,0.0,0.0,0,0,0,0,24,0.0,75,0.0,0.0,0.0,0.0,0,0,0.0,0,0,0.0,0.0,0.0,0,16.0,118,1,0,0.0,0.0,0.0,0,0.0,0.0,11,83,3.71,4.3275,2.8268714637788674,-0.2184393623523817,-2.4492935982947064e-16,1.0
2005-01,0.0,4.0,0.0,176.0,1.0,0.0,0,0.0,0.0,0,0.0,0.0,0.0,2,72,0.0,0.0,0,0,0,0,120,0.0,0,0.0,26.0,0.0,0.0,0,0,0.0,0,0,0.0,0.0,0.0,0,19.0,0,16,0,0.0,0.0,0.0,0,0.0,0.0,137,113,4.669999999999999,4.539166666666667,2.7411658380176775,0.047729083559551036,0.4999999999999999,0.8660254037844387
2005-02,0.0,0.0,0.0,0.0,0.0,0.0,0,0.0,0.0,0,0.0,0.0,0.0,0,1,0.0,0.0,0,0,0,0,126,4.0,0,0.0,0.0,0.0,0.0,0,0,0.0,0,0,0.0,0.0,0.0,0,16.0,0,0,0,0.0,0.0,0.0,0,0.0,0.0,24,59,3.04,4.569166666666667,2.7208636942015763,-0.5620151681708528,0.8660254037844386,0.5000000000000001
2005-03,0.0,0.0,0.0,0.0,0.0,0.0,0,0.0,0.0,0,0.0,0.0,0.0,12,89,0.0,0.0,0,0,0,31,178,4.0,5,0.0,0.0,0.0,0.0,1,0,0.0,0,0,0.0,0.0,0.0,0,10.0,30,0,0,0.0,0.0,0.0,0,0.0,1.0,31,80,4.96,4.733333333333333,2.6759818362385785,0.08470411256052263,1.0,6.123233995736766e-17
2005-04,0.0,0.0,0.0,0.0,0.0,0.0,0,0.0,0.0,0,0.0,0.0,0.0,28,160,0.0,0.0,0,2,0,11,15,0.0,3,0.0,0.0,0.0,0.0,1,0,0.0,0,0,0.0,0.0,0.0,0,7.0,22,10,0,0.0,0.0,0.0,0,0.0,6.0,3,0,4.8100000000000005,4.791666666666667,2.6687785198249023,0.006869559687004817,0.8660254037844387,-0.4999999999999998
2005-05,0.0,0.0,0.0,0.0,0.0,0.0,0,0.0,0.0,0,0.0,0.0,0.0,0,0,0.0,27.0,3,26,0,3,0,0.0,0,0.0,0.0,0.0,0.0,3,0,0.0,0,0,0.0,0.0,0.0,0,8.0,0,35,0,0.0,0.0,0.0,0,0.0,0.0,0,0,1.48,4.435,2.809870589061484,-1.051649855870049,0.4999999999999999,-0.8660254037844387
2005-06,0.0,0.0,0.0,0.0,0.0,0.0,0,0.0,0.0,0,0.0,0.0,0.0,61,4,0.0,0.0,0,80,21,2,0,0.0,0,0.0,0.0,0.0,0.0,27,0,0.0,0,0,1.0,0.0,0.0,0,0.0,0,276,3,0.0,0.0,0.0,0,0.0,1.0,0,0,3.21,4.450833333333333,2.801695779777713,-0.4428865340375323,1.2246467991473532e-16,-1.0
2005-07,0.0,0.0,0.0,0.0,0.0,0.0,0,0.0,0.0,0,0.0,0.0,0.0,49,1,0.0,0.0,2,30,40,27,0,0.0,0,0.0,0.0,0.0,0.0,31,0,0.0,0,0,1.0,0.0,0.0,0,10.0,0,304,0,0.0,0.0,0.0,0,0.0,0.0,0,0,3.56,4.110833333333333,2.6212434881640485,-0.2101419939889458,-0.5000000000000001,-0.8660254037844386
2005-08,0.0,0.0,0.0,0.0,0.0,0.0,0,0.0,0.0,0,0.0,0.0,0.0,10,1,0.0,0.0,0,27,50,4,0,0.0,1,0.0,0.0,0.0,0.0,25,0,0.0,0,0,1.0,0.0,0.0,0,0.0,0,190,12,0.0,0.0,0.0,0,0.0,0.0,0,0,3.96,4.189166666666666,2.599637940991481,-0.08815330129366543,-0.8660254037844384,-0.5000000000000004
2005-09,0.0,0.0,0.0,0.0,0.0,0.0,0,31.0,0.0,0,0.0,0.0,0.0,13,0,0.0,4.0,0,6,1,1,0,0.0,32,0.0,0.0,0.0,0.0,1,0,0.0,0,0,1.0,0.0,0.0,0,5.0,5,80,0,0.0,0.0,0.0,0,0.0,0.0,0,0,0.48,3.27,1.4882631732080425,-1.8746684391753,-1.0,-1.8369701987210287e-16
2005-10,0.0,0.0,0.0,0.0,0.0,0.0,0,0.0,0.0,0,0.0,0.0,0.0,36,121,0.0,27.0,0,0,0,7,19,8.0,31,0.0,0.0,0.0,0.0,0,0,0.0,0,0,0.0,0.0,0.0,0,29.0,44,0,0,0.0,0.0,0.0,0,0.0,0.0,7,28,16.730000000000004,4.568333333333334,4.054328401582536,2.9996747826149397,-0.8660254037844386,0.5000000000000001
2005-11,0.0,0.0,0.0,0.0,0.0,0.0,0,0.0,0.0,0,0.0,0.0,0.0,6,36,0.0,0.0,0,30,0,0,19,0.0,15,0.0,0.0,0.0,0.0,3,0,0.0,0,0,0.0,3.0,0.0,0,0.0,101,146,0,0.0,0.0,0.0,0,0.0,0.0,2,12,4.47,4.590000000000001,4.052933841956064,-0.02960818130258092,-0.5000000000000004,0.8660254037844384
2005-12,0.0,0.0,2.0,30.0,0.0,0.0,0,0.0,0.0,0,0.0,0.0,0.0,0,12,0.0,0.0,0,0,0,0,122,0.0,2,0.0,14.0,8.0,0.0,0,0,0.0,0,0,0.0,0.0,0.0,0,0.0,2,0,0,0.0,0.0,0.0,0,0.0,0.0,78,81,4.47,4.653333333333333,4.043860291924793,-0.04533621838999555,-2.4492935982947064e-16,1.0
2006-01,0.0,0.0,31.0,9.0,0.0,0.0,0,0.0,0.0,0,0.0,0.0,0.0,3,51,0.0,0.0,0,2,26,1,24,0.0,98,0.0,0.0,4.0,0.0,1,0,0.0,0,0,0.0,0.0,0.0,0,0.0,61,4,0,0.0,0.0,0.0,0,0.0,0.0,29,45,4.989999999999999,4.680000000000001,4.045035116152777,0.07663715915891454,0.4999999999999999,0.8660254037844387
2006-02,0.0,0.0,10.0,19.0,0.0,0.0,0,0.0,0.0,0,0.0,0.0,0.0,0,1,0.0,0.0,0,1,0,0,61,4.0,127,0.0,0.0,7.0,0.0,0,0,0.0,0,0,0.0,0.0,0.0,0,0.0,87,26,0,0.0,0.0,0.0,0,0.0,0.0,41,25,2.88,4.666666666666667,4.051191369850544,-0.44102252980771445,0.8660254037844386,0.5000000000000001
2006-03,0.0,0.0,0.0,0.0,0.0,0.0,0,0.0,0.0,0,0.0,0.0,0.0,1,1,0.0,0.0,0,1,0,0,21,0.0,2,0.0,0.0,1.0,0.0,0,0,0.0,0,0,0.0,0.0,0.0,0,0.0,65,8,0,0.0,0.0,0.0,0,0.0,5.0,22,17,0.8,4.32,4.199097305590595,-0.8382754063149579,1.0,6.123233995736766e-17
2006-04,0.0,0.0,0.0,0.0,0.0,0.0,0,0.0,0.0,0,0.0,0.0,0.0,3,5,0.0,0.0,0,58,0,1,0,0.0,2,0.0,0.0,0.0,0.0,3,0,0.0,0,0,0.0,0.0,0.0,0,0.0,16,12,0,0.0,0.0,0.0,0,0.0,4.0,0,9,5.5600000000000005,4.3825,4.212613365078307,0.27951770028582057,0.8660254037844387,-0.4999999999999998
2006-05,0.0,0.0,0.0,0.0,0.0,0.0,0,0.0,0.0,0,0.0,0.0,0.0,10,10,0.0,1.0,1,58,0,0,0,0.0,1,0.0,0.0,0.0,0.0,6,0,0.0,0,0,0.0,0.0,0.0,0,0.0,1,67,0,0.0,0.0,0.0,0,0.0,1.0,0,0,4.619999999999999,4.644166666666667,4.112259848380946,-0.0058767362855687575,0.4999999999999999,-0.8660254037844387
2006-06,0.0,0.0,7.0,0.0,0.0,0.0,0,0.0,0.0,0,0.0,0.0,0.0,115,102,0.0,0.0,0,91,1,4,0,0.0,0,0.0,0.0,0.0,0.0,26,0,0.0,0,0,1.0,0.0,0.0,0,0.0,0,176,3,0.0,0.0,0.0,0,0.0,0.0,0,0,4.619999999999999,4.761666666666667,4.087626191175986,-0.034657441762283754,1.2246467991473532e-16,-1.0
2006-07,0.0,0.0,0.0,0.0,0.0,0.0,0,0.0,0.0,0,0.0,0.0,0.0,90,2,0.0,0.0,4,145,43,3,0,0.0,0,0.0,0.0,0.0,0.0,14,0,0.0,0,0,0.0,0.0,0.0,0,0.0,0,328,6,0.0,0.0,0.0,0,0.0,0.0,0,0,6.159999999999999,4.978333333333333,4.087047908461635,0.2891247406765648,-0.5000000000000001,-0.8660254037844386
2006-08,0.0,0.0,0.0,0.0,0.0,0.0,0,0.0,0.0,0,0.0,0.0,0.0,23,5,0.0,0.0,4,32,85,2,0,0.0,0,0.0,0.0,0.0,0.0,7,0,0.0,0,0,1.0,0.0,0.0,0,0.0,0,127,3,0.0,0.0,0.0,0,0.0,0.0,0,0,6.08,5.155,4.084846720168671,0.2264466853634608,-0.8660254037844384,-0.5000000000000004
2006-09,0.0,0.0,19.0,0.0,0.0,0.0,0,0.0,0.0,0,0.0,0.0,0.0,8,9,0.0,0.0,0,14,0,32,0,4.0,14,0.0,0.0,0.0,0.0,3,0,0.0,0,0,1.0,0.0,0.0,0,0.0,21,10,1,0.0,0.0,0.0,0,0.0,0.0,0,0,3.69,5.4225,3.8491749411104648,-0.45009645612526616,-1.0,-1.8369701987210287e-16
2006-10,0.0,0.0,30.0,0.0,0.0,0.0,0,0.0,0.0,0,0.0,0.0,0.0,14,30,0.0,0.0,0,3,0,2,0,0.0,54,0.0,0.0,9.0,1.0,0,0,0.0,0,0,0.0,0.0,0.0,0,0.0,74,9,0,0.0,0.0,0.0,0,0.0,0.0,0,9,3.69,4.3358333333333325,1.4755427866217634,-0.4376920406435383,-0.8660254037844386,0.5000000000000001
2006-11,0.0,0.0,25.0,0.0,0.0,0.0,0,0.0,0.0,0,0.0,0.0,0.0,79,55,0.0,0.0,0,0,0,28,0,4.0,4,0.0,0.0,4.0,0.0,0,0,0.0,0,0,0.0,0.0,0.0,0,0.0,31,45,1,0.0,0.0,0.0,0,0.0,0.0,0,3,7.34,4.575,1.7127887944943654,1.614326301577807,-0.5000000000000004,0.8660254037844384
2006-12,0.0,0.0,0.0,0.0,0.0,44.0,0,0.0,0.0,0,0.0,0.0,0.0,1,0,0.0,0.0,0,4,0,0,0,0.0,109,0.0,0.0,19.0,0.0,0,0,0.0,0,0,0.0,3.0,0.0,0,0.0,22,102,5,0.0,0.0,0.0,0,0.0,1.0,0,17,2.15,4.381666666666667,1.8510725801463597,-1.2056073276663277,-2.4492935982947064e-16,1.0
2007-01,0.0,0.0,6.0,58.0,0.0,0.0,0,0.0,0.0,0,0.0,0.0,22.0,0,9,0.0,0.0,0,0,0,11,1,0.0,2,0.0,35.0,56.0,0.0,0,0,0.0,0,0,0.0,0.0,0.0,0,0.0,32,0,0,0.0,0.0,0.0,0,0.0,0.0,16,93,3.629999999999999,4.2683333333333335,1.8520741853065148,-0.3446586202634705,0.4999999999999999,0.8660254037844387
2007-02,0.0,0.0,0.0,28.0,0.0,0.0,0,0.0,0.0,0,0.0,35.0,145.0,0,0,0.0,0.0,0,0,0,0,75,0.0,0,0.0,5.0,24.0,0.0,0,0,0.0,0,0,0.0,0.0,0.0,0,0.0,37,0,0,0.0,0.0,0.0,0,0.0,0.0,110,66,1.99,4.194166666666667,1.9289491172578137,-1.1426774542400067,0.8660254037844386,0.5000000000000001
2007-03,0.0,0.0,12.0,31.0,0.0,0.0,0,0.0,0.0,0,0.0,12.0,32.0,13,80,0.0,0.0,0,5,0,3,92,0.0,3,0.0,8.0,3.0,0.0,0,0,0.0,0,0,0.0,0.0,0.0,0,0.0,50,1,0,0.0,0.0,0.0,0,0.0,3.0,57,60,5.35,4.573333333333333,1.6242387494304895,0.4781727236460716,1.0,6.123233995736766e-17
2007-04,0.0,0.0,46.0,0.0,0.0,0.0,0,0.0,0.0,0,0.0,0.0,0.0,21,72,0.0,14.0,0,10,0,4,13,6.0,8,0.0,0.0,7.0,2.0,2,0,0.0,0,0,0.0,0.0,0.0,0,0.0,28,13,0,0.0,0.0,0.0,0,0.0,3.0,49,15,13.05,5.197499999999999,2.9422475175527754,2.6688781121077625,0.8660254037844387,-0.4999999999999998
2007-05,0.0,0.0,0.0,0.0,0.0,8.0,0,0.0,0.0,0,0.0,0.0,0.0,8,0,0.0,44.0,0,61,0,0,0,0.0,0,0.0,0.0,0.0,0.0,6,0,0.0,0,0,0.0,0.0,0.0,0,0.0,4,99,5,0.0,0.0,0.0,0,0.0,5.0,0,0,1.88,4.969166666666666,3.0935665158323005,-0.9985777421810339,0.4999999999999999,-0.8660254037844387
2007-06,0.0,0.0,17.0,0.0,0.0,0.0,0,0.0,0.0,0,21.0,0.0,0.0,44,3,0.0,0.0,8,207,0,4,0,0.0,0,0.0,0.0,0.0,0.0,12,0,0.0,0,0,3.0,0.0,0.0,0,0.0,0,535,2,0.0,0.0,0.0,0,0.0,0.0,0,0,6.55,5.13,3.1237855822121303,0.45457665471213843,1.2246467991473532e-16,-1.0
2007-07,0.0,0.0,0.0,0.0,0.0,0.0,0,1.0,0.0,0,29.0,0.0,0.0,44,2,0.0,0.0,4,90,1,12,0,0.0,0,0.0,0.0,0.0,0.0,19,0,0.0,0,0,1.0,0.0,0.0,0,0.0,0,195,1,0.0,0.0,0.0,0,0.0,0.0,0,0,6.89,5.190833333333333,3.152642350137231,0.5389658825691738,-0.5000000000000001,-0.8660254037844386
2007-08,0.0,0.0,5.0,0.0,0.0,0.0,0,2.0,0.0,0,50.0,0.0,0.0,59,4,0.0,0.0,2,168,0,6,0,0.0,0,0.0,0.0,0.0,0.0,14,0,0.0,0,0,0.0,0.0,0.0,0,0.0,0,304,4,0.0,0.0,0.0,0,0.0,1.0,0,0,7.18,5.2825,3.1965325674151153,0.5936119717167213,-0.8660254037844384,-0.5000000000000004
2007-09,0.0,0.0,0.0,0.0,0.0,0.0,0,4.0,0.0,0,0.0,0.0,0.0,2,0,0.0,0.0,4,15,0,0,0,0.0,0,0.0,0.0,0.0,0.0,3,0,0.0,0,0,0.0,0.0,0.0,0,0.0,0,45,1,0.0,0.0,0.0,0,0.0,0.0,0,0,1.81,5.1258333333333335,3.3251615362902682,-0.9971946617163924,-1.0,-1.8369701987210287e-16
2007-10,0.0,0.0,14.0,0.0,0.0,31.0,0,12.0,0.0,0,3.0,0.0,0.0,13,7,0.0,0.0,0,1,0,0,0,0.0,1,0.0,0.0,0.0,0.0,0,0,0.0,0,0,0.0,0.0,0.0,0,0.0,0,38,0,0.0,0.0,0.0,0,0.0,0.0,0,0,4.65,5.2058333333333335,3.2989211964831893,-0.16848942433844089,-0.8660254037844386,0.5000000000000001
2007-11,0.0,0.0,5.0,0.0,0.0,25.0,0,10.0,0.0,0,0.0,0.0,0.0,0,0,0.0,0.0,0,0,0,0,3,5.0,3,0.0,0.0,3.0,0.0,0,0,0.0,0,0,0.0,0.0,0.0,0,0.0,4,0,0,0.0,0.0,0.0,0,0.0,0.0,0,44,3.47,4.883333333333333,3.2602574726359883,-0.43350359448470865,-0.5000000000000004,0.8660254037844384
2007-12,0.0,0.0,18.0,0.0,0.0,13.0,0,10.0,0.0,0,0.0,0.0,0.0,0,10,0.0,0.0,0,0,0,0,79,4.0,30,0.0,26.0,25.0,0.0,0,0,0.0,0,0,0.0,0.0,0.0,0,0.0,64,0,0,0.0,0.0,0.0,0,0.0,0.0,107,189,5.219999999999999,5.139166666666667,3.1446764780363603,0.02570481698130256,-2.4492935982947064e-16,1.0
2008-01,0.0,0.0,0.0,0.0,0.0,0.0,0,10.0,0.0,0,0.0,7.0,7.0,2,0,0.0,0.0,0,0,0,0,14,0.0,73,0.0,0.0,24.0,0.0,0,0,0.0,0,0,0.0,3.0,0.0,0,0.0,61,52,0,0.0,0.0,0.0,0,0.0,0.0,9,94,2.85,5.074166666666666,3.1864898280462848,-0.6979989853067747,0.4999999999999999,0.8660254037844387
2008-02,0.0,0.0,2.0,3.0,0.0,13.0,0,2.0,0.0,0,0.0,13.0,27.0,3,38,0.0,0.0,0,2,0,0,67,0.0,7,0.0,23.0,14.0,0.0,1,0,0.0,0,0,0.0,0.0,0.0,0,0.0,29,2,0,0.0,0.0,0.0,0,0.0,0.0,174,216,5.95,5.404166666666666,3.0397232479688743,0.17956678579145552,0.8660254037844386,0.5000000000000001
2008-03,0.0,0.0,0.0,0.0,0.0,0.0,0,0.0,0.0,0,0.0,0.0,0.0,30,57,0.0,0.0,0,0,0,3,5,0.0,54,0.0,28.0,0.0,0.0,0,0,0.0,0,0,0.0,0.0,0.0,0,0.0,71,41,0,0.0,0.0,0.0,0,0.0,5.0,64,49,4.08,5.298333333333333,3.063793944333292,-0.3976551150206195,1.0,6.123233995736766e-17
2008-04,0.0,0.0,1.0,0.0,0.0,0.0,0,0.0,0.0,0,0.0,0.0,0.0,0,7,0.0,17.0,0,14,0,0,0,0.0,0,0.0,0.0,0.0,0.0,0,0,0.0,0,0,0.0,0.0,0.0,0,0.0,10,22,0,0.0,0.0,0.0,0,0.0,9.0,0,3,2.7700000000000005,4.441666666666667,1.9247849151780518,-0.8684953074416784,0.8660254037844387,-0.4999999999999998
2008-05,0.0,0.0,9.0,0.0,0.0,0.0,0,0.0,0.0,0,0.0,0.0,0.0,2,2,0.0,59.0,1,26,0,1,0,0.0,18,0.0,0.0,0.0,0.0,7,0,0.0,0,0,0.0,0.0,0.0,0,0.0,11,48,1,0.0,0.0,0.0,0,0.0,0.0,0,0,4.010000000000001,4.619166666666667,1.7580694904733842,-0.34649749055291296,0.4999999999999999,-0.8660254037844387
2008-06,0.0,0.0,0.0,0.0,0.0,0.0,0,0.0,0.0,0,31.0,0.0,0.0,45,1,0.0,0.0,4,406,11,1,0,0.0,0,0.0,0.0,0.0,0.0,30,0,0.0,0,0,0.0,0.0,0.0,0,0.0,0,521,1,0.0,0.0,0.0,0,0.0,1.0,0,0,4.699999999999999,4.465,1.651228193029224,0.14231830645338328,1.2246467991473532e-16,-1.0
2008-07,0.0,0.0,0.0,0.0,0.0,0.0,0,0.0,0.0,0,27.0,0.0,0.0,52,5,0.0,0.0,1,211,3,7,0,0.0,0,0.0,0.0,0.0,0.0,29,0,0.0,0,0,10.0,0.0,0.0,0,0.0,0,263,4,0.0,0.0,0.0,0,0.0,1.0,0,0,2.8400000000000003,4.1275,1.5191272913329994,-0.8475260811556142,-0.5000000000000001,-0.8660254037844386
2008-08,0.0,0.0,0.0,0.0,0.0,0.0,0,16.0,0.0,0,0.0,0.0,0.0,77,1,0.0,0.0,6,240,0,1,0,0.0,0,0.0,0.0,0.0,0.0,24,0,0.0,0,0,2.0,0.0,0.0,0,0.0,0,103,0,0.0,0.0,0.0,0,0.0,2.0,0,0,5.58,3.994166666666667,1.277920600274551,1.2409482506132459,-0.8660254037844384,-0.5000000000000004
2008-09,0.0,0.0,0.0,0.0,0.0,0.0,0,17.0,0.0,0,0.0,0.0,0.0,55,15,0.0,0.0,0,10,0,21,0,4.0,51,0.0,0.0,0.0,0.0,5,0,0.0,0,0,3.0,0.0,0.0,0,9.0,12,18,1,0.0,53.0,0.0,0,0.0,1.0,0,0,7.05,4.430833333333333,1.3565762943617483,1.930718292478309,-1.0,-1.8369701987210287e-16
2008-10,0.0,0.0,1.0,0.0,0.0,0.0,0,1.0,0.0,0,0.0,0.0,0.0,0,0,0.0,17.0,0,0,0,7,15,0.0,4,0.0,0.0,4.0,0.0,1,0,0.0,0,0,0.0,0.0,0.0,0,0.0,37,6,0,0.0,0.0,0.0,0,0.0,4.0,19,17,3.62,4.345,1.373922718482974,-0.5276861574867276,-0.8660254037844386,0.5000000000000001
2008-11,0.0,0.0,0.0,0.0,0.0,0.0,0,1.0,0.0,0,0.0,0.0,0.0,0,0,0.0,0.0,0,1,0,2,8,4.0,0,0.0,0.0,37.0,0.0,0,0,0.0,0,0,0.0,0.0,0.0,0,0.0,5,5,0,0.0,0.0,0.0,0,0.0,0.0,1,41,3.54,4.350833333333333,1.3700129948510036,-0.5918435346093309,-0.5000000000000004,0.8660254037844384
2008-12,0.0,0.0,1.0,16.0,0.0,12.0,0,1.0,0.0,0,0.0,7.0,18.0,0,43,0.0,0.0,0,0,0,18,78,0.0,55,0.0,32.0,30.0,0.0,0,0,0.0,0,0,0.0,2.0,0.0,0,0.0,194,4,0,0.0,0.0,0.0,0,0.0,0.0,137,219,6.619999999999999,4.4675,1.5038322258936911,1.4313431797359046,-2.4492935982947064e-16,1.0
2009-01,0.0,0.0,0.0,76.0,0.0,24.0,0,1.0,0.0,0,0.0,14.0,39.0,0,0,0.0,0.0,0,0,0,0,43,0.0,0,0.0,43.0,25.0,0.0,0,0,0.0,0,0,0.0,0.0,0.0,0,0.0,0,0,0,0.0,0.0,0.0,0,0.0,0.0,132,195,2.9800000000000004,4.4783333333333335,1.4915387620802514,-1.0045554104431087,0.4999999999999999,0.8660254037844387
2009-02,0.0,0.0,0.0,0.0,0.0,0.0,0,0.0,0.0,0,0.0,0.0,2.0,0,11,0.0,0.0,0,0,0,0,10,0.0,97,0.0,0.0,14.0,0.0,0,0,0.0,0,0,0.0,0.0,0.0,0,0.0,64,20,0,0.0,0.0,0.0,0,0.0,1.0,0,59,2.9800000000000004,4.230833333333334,1.4714152638830031,-0.8500885943186676,0.8660254037844386,0.5000000000000001
2009-03,0.0,0.0,0.0,2.0,0.0,0.0,0,0.0,0.0,0,0.0,0.0,13.0,0,12,0.0,0.0,0,54,0,0,37,0.0,4,0.0,0.0,0.0,0.0,1,0,0.0,0,0,0.0,0.0,0.0,0,0.0,13,8,1,0.0,0.0,0.0,0,0.0,8.0,24,29,1.75,4.036666666666667,1.6374888387313378,-1.396447177275594,1.0,6.123233995736766e-17
2009-04,0.0,0.0,0.0,0.0,0.0,0.0,0,0.0,1.0,0,0.0,0.0,0.0,0,0,0.0,7.0,0,14,7,0,0,0.0,2,0.0,0.0,1.0,0.0,9,0,0.0,0,0,0.0,0.0,0.0,0,0.0,37,0,0,0.0,0.0,0.0,0,0.0,3.0,0,1,4.69,4.196666666666666,1.5957405424403706,0.30915635732290037,0.8660254037844387,-0.4999999999999998
2009-05,0.0,0.0,0.0,0.0,0.0,29.0,0,0.0,0.0,0,0.0,0.0,0.0,11,8,0.0,42.0,1,48,0,0,0,0.0,6,0.0,0.0,0.0,0.0,4,0,0.0,0,0,0.0,0.0,0.0,0,0.0,21,74,3,0.0,0.0,0.0,0,0.0,0.0,0,0,5.169999999999999,4.293333333333334,1.6183792865553874,0.5416941961316075,0.4999999999999999,-0.8660254037844387
2009-06,0.0,0.0,5.0,0.0,0.0,0.0,0,0.0,0.0,0,0.0,0.0,0.0,52,9,0.0,24.0,0,288,0,4,0,0.0,0,0.0,0.0,0.0,0.0,20,0,0.0,0,0,1.0,0.0,0.0,0,3.0,0,165,1,0.0,0.0,0.0,0,0.0,0.0,0,0,10.05,4.739166666666667,2.3237761523134317,2.2854324105384,1.2246467991473532e-16,-1.0
2009-07,0.0,0.0,2.0,0.0,0.0,0.0,0,0.0,0.0,0,0.0,0.0,0.0,102,14,0.0,0.0,6,209,1,9,0,0.0,0,0.0,0.0,0.0,0.0,27,0,0.0,0,0,2.0,0.0,0.0,0,0.0,4,253,13,0.0,0.0,0.0,0,0.0,0.0,0,0,7.11,5.095,2.3334309503390096,0.863535301829803,-0.5000000000000001,-0.8660254037844386
2009-08,0.0,0.0,0.0,0.0,0.0,0.0,0,0.0,0.0,0,22.0,0.0,0.0,102,15,0.0,0.0,8,25,8,5,0,8.0,0,0.0,0.0,0.0,0.0,23,0,0.0,0,0,11.0,0.0,0.0,0,0.0,0,285,5,0.0,0.0,0.0,0,0.0,0.0,0,0,4.22,4.9816666666666665,2.3407490383648724,-0.32539441613900144,-0.8660254037844384,-0.5000000000000004
2009-09,0.0,0.0,0.0,0.0,0.0,0.0,0,0.0,0.0,0,0.0,0.0,0.0,1,2,0.0,0.0,0,4,0,2,0,4.0,1,0.0,0.0,0.0,0.0,0,0,0.0,0,0,1.0,0.0,0.0,0,0.0,18,29,0,0.0,0.0,0.0,0,0.0,0.0,0,0,2.26,4.5825,2.364272423158783,-0.9823318062886455,-1.0,-1.8369701987210287e-16
2009-10,0.0,0.0,18.0,0.0,0.0,0.0,0,0.0,0.0,0,0.0,0.0,0.0,6,12,0.0,17.0,0,1,0,0,0,6.0,0,0.0,0.0,0.0,0.0,0,0,0.0,0,0,0.0,0.0,0.0,0,0.0,74,4,0,0.0,0.0,0.0,0,0.0,0.0,10,13,5.58,4.745833333333334,2.3594315892270403,0.35354560415118585,-0.8660254037844386,0.5000000000000001
2009-11,0.0,0.0,12.0,0.0,0.0,0.0,0,0.0,0.0,0,0.0,0.0,0.0,0,1,0.0,0.0,0,0,0,5,0,7.0,15,0.0,0.0,0.0,0.0,1,0,0.0,0,0,0.0,0.0,0.0,0,0.0,25,0,0,0.0,0.0,0.0,0,0.0,0.0,0,0,1.61,4.585,2.510072436477411,-1.185224759559154,-0.5000000000000004,0.8660254037844384
2009-12,0.0,2.0,0.0,7.0,0.0,0.0,0,0.0,0.0,0,0.0,17.0,0.0,0,29,0.0,0.0,0,5,0,11,76,1.0,34,0.0,11.0,33.0,0.0,0,0,0.0,0,0,0.0,3.0,0.0,0,0.0,60,21,0,0.0,0.0,0.0,0,0.0,0.0,28,159,7.270000000000001,4.639166666666667,2.5644047983298157,1.0259040753030813,-2.4492935982947064e-16,1.0
2010-01,0.0,0.0,0.0,9.0,0.0,0.0,0,0.0,0.0,0,0.0,14.0,0.0,44,36,0.0,0.0,0,0,0,0,17,0.0,12,0.0,1.0,26.0,0.0,0,0,0.0,0,0,0.0,0.0,0.0,0,0.0,71,2,0,0.0,0.0,0.0,0,0.0,0.0,5,75,2.08,4.564166666666667,2.6296714566076465,-0.9446680726691672,0.4999999999999999,0.8660254037844387
2010-02,0.0,13.0,0.0,0.0,1.0,0.0,0,0.0,0.0,0,0.0,0.0,0.0,0,5,0.0,0.0,0,0,0,0,104,0.0,1,0.0,0.0,0.0,0.0,0,0,0.0,0,0,0.0,0.0,0.0,0,0.0,0,0,0,0.0,0.0,0.0,0,0.0,0.0,222,110,6.69,4.873333333333333,2.6445392564278363,0.6869501605056776,0.8660254037844386,0.5000000000000001
2010-03,0.0,0.0,25.0,0.0,0.0,0.0,0,0.0,0.0,0,0.0,0.0,0.0,0,114,0.0,0.0,0,1,0,13,2,12.0,31,0.0,0.0,0.0,0.0,2,0,0.0,0,0,0.0,0.0,0.0,0,0.0,19,0,0,0.0,0.0,0.0,0,0.0,1.0,0,2,10.69,5.618333333333333,2.9286603618636855,1.7317360294517918,1.0,6.123233995736766e-17
2010-04,0.0,0.0,0.0,0.0,0.0,0.0,0,0.0,0.0,0,0.0,0.0,0.0,0,7,0.0,94.0,0,14,0,0,0,0.0,0,0.0,0.0,0.0,0.0,2,0,0.0,0,0,0.0,0.0,0.0,0,0.0,5,79,0,0.0,0.0,0.0,0,0.0,2.0,4,4,2.99,5.476666666666667,3.0174201302477353,-0.824103558446966,0.8660254037844387,-0.4999999999999998
2010-05,0.0,0.0,0.0,0.0,0.0,0.0,0,0.0,0.0,0,0.0,0.0,0.0,9,4,0.0,82.0,1,122,0,1,0,0.0,36,0.0,0.0,0.0,0.0,13,0,0.0,0,0,1.0,0.0,0.0,0,0.0,35,177,0,0.0,0.0,0.0,0,0.0,2.0,0,0,3.01,5.296666666666667,3.100654867291847,-0.7374786180778231,0.4999999999999999,-0.8660254037844387
2010-06,0.0,0.0,0.0,0.0,0.0,0.0,0,0.0,0.0,0,38.0,0.0,0.0,6,3,0.0,0.0,8,53,1,0,0,0.0,0,0.0,0.0,0.0,0.0,14,0,0.0,0,0,3.0,0.0,0.0,0,0.0,1,257,12,0.0,0.0,0.0,0,0.0,2.0,0,0,2.2,4.6425,2.8222271186229713,-0.8654512543950578,1.2246467991473532e-16,-1.0
2010-07,0.0,0.0,0.0,0.0,0.0,0.0,0,0.0,0.0,0,64.0,0.0,0.0,54,3,0.0,0.0,14,110,25,3,0,0.0,0,0.0,0.0,0.0,0.0,26,0,0.0,0,0,1.0,0.0,0.0,0,0.0,0,405,19,0.0,0.0,0.0,0,0.0,3.0,0,0,2.6,4.266666666666667,2.763444271633544,-0.6031120959357926,-0.5000000000000001,-0.8660254037844386
2010-08,0.0,0.0,0.0,0.0,0.0,0.0,0,3.0,0.0,0,9.0,0.0,0.0,20,14,0.0,0.0,2,16,9,2,0,0.0,0,0.0,0.0,0.0,0.0,5,0,0.0,0,0,10.0,0.0,0.0,0,0.0,3,82,3,0.0,0.0,0.0,0,0.0,1.0,0,0,4.140000000000001,4.260000000000001,2.763663576421046,-0.04342062508035096,-0.8660254037844384,-0.5000000000000004
2010-09,0.0,0.0,0.0,0.0,0.0,0.0,0,31.0,0.0,0,0.0,0.0,0.0,11,31,0.0,0.0,2,49,0,0,0,11.0,3,0.0,0.0,0.0,0.0,5,0,0.0,0,0,4.0,0.0,0.0,0,0.0,28,133,5,0.0,0.0,0.0,0,0.0,0.0,0,0,3.67,4.3775,2.700145198116038,-0.26202294620809347,-1.0,-1.8369701987210287e-16
2010-10,0.0,0.0,0.0,0.0,0.0,0.0,0,31.0,0.0,0,0.0,0.0,0.0,19,57,0.0,4.0,0,20,0,1,0,0.0,3,0.0,0.0,0.0,0.0,2,0,0.0,0,0,0.0,0.0,0.0,0,2.0,21,25,0,0.0,0.0,0.0,0,0.0,0.0,0,3,4.91,4.321666666666666,2.6798705305678605,0.2195379689513086,-0.8660254037844386,0.5000000000000001
2010-11,0.0,0.0,2.0,0.0,0.0,18.0,0,14.0,0.0,0,0.0,0.0,0.0,0,0,0.0,0.0,0,0,0,0,0,0.0,2,0.0,0.0,4.0,0.0,0,0,0.0,0,0,0.0,0.0,0.0,0,0.0,50,33,2,0.0,0.0,0.0,0,0.0,0.0,0,8,2.15,4.366666666666666,2.634344263183858,-0.8414491217589048,-0.5000000000000004,0.8660254037844384
2010-12,0.0,43.0,0.0,0.0,0.0,0.0,0,0.0,0.0,0,0.0,6.0,0.0,17,24,0.0,0.0,0,0,0,0,36,2.0,27,0.0,0.0,49.0,0.0,0,0,0.0,0,0,0.0,0.0,0.0,0,0.0,65,4,0,0.0,0.0,0.0,0,0.0,0.0,27,38,4.24,4.114166666666667,2.470905091195729,0.050926008360944276,-2.4492935982947064e-16,1.0
2011-01,0.0,0.0,0.0,24.0,0.0,0.0,0,0.0,0.0,0,0.0,0.0,12.0,0,0,0.0,0.0,0,0,0,0,116,0.0,0,0.0,8.0,26.0,0.0,0,0,0.0,0,0,0.0,0.0,0.0,0,0.0,0,0,0,0.0,0.0,0.0,0,0.0,0.0,112,153,4.93,4.351666666666667,2.393361399345864,0.2416406203807745,0.4999999999999999,0.8660254037844387
2011-02,0.0,0.0,0.0,0.0,0.0,0.0,0,0.0,0.0,0,0.0,22.0,0.0,2,14,0.0,0.0,0,2,0,0,58,0.0,67,0.0,29.0,4.0,0.0,1,0,0.0,0,0,0.0,0.0,0.0,0,0.0,122,13,0,0.0,0.0,0.0,0,0.0,6.0,170,120,3.47,4.083333333333333,2.285437429120352,-0.2683658390811427,0.8660254037844386,0.5000000000000001
2011-03,0.0,0.0,0.0,0.0,0.0,0.0,0,0.0,0.0,0,0.0,0.0,0.0,6,114,0.0,0.0,0,52,0,0,41,0.0,0,0.0,2.0,0.0,0.0,0,0,0.0,0,0,0.0,0.0,0.0,0,0.0,8,11,1,0.0,0.0,0.0,0,0.0,0.0,49,29,6.19,3.708333333333334,1.2268943299932946,2.0227224187108517,1.0,6.123233995736766e-17
2011-04,0.0,0.0,17.0,0.0,0.0,0.0,0,0.0,0.0,0,0.0,0.0,0.0,45,53,0.0,0.0,3,63,0,0,0,0.0,42,0.0,0.0,0.0,2.0,4,0,0.0,0,0,0.0,0.0,0.0,0,0.0,49,166,17,0.0,0.0,0.0,0,0.0,0.0,0,8,5.349999999999999,3.905,1.2888648987666347,1.121141557492004,0.8660254037844387,-0.4999999999999998
2011-05,0.0,0.0,3.0,0.0,0.0,0.0,0,0.0,0.0,0,0.0,0.0,0.0,64,36,0.0,0.0,5,156,1,0,0,0.0,0,0.0,0.0,0.0,2.0,3,0,0.0,0,0,0.0,0.0,0.0,0,0.0,0,283,19,0.0,0.0,0.0,0,0.0,0.0,0,0,5.11,4.079999999999999,1.2988246434932842,0.7930246820923728,0.4999999999999999,-0.8660254037844387
2011-06,0.0,0.0,0.0,0.0,0.0,0.0,0,0.0,0.0,0,9.0,0.0,0.0,41,8,0.0,0.0,7,284,22,1,0,0.0,3,0.0,0.0,0.0,2.0,17,0,0.0,0,0,1.0,0.0,0.0,0,0.0,0,264,3,0.0,0.0,0.0,0,0.0,2.0,0,0,3.25,4.1675,1.191600337208901,-0.7699729274574318,1.2246467991473532e-16,-1.0
2011-07,0.0,0.0,0.0,0.0,2.0,0.0,0,0.0,0.0,0,138.0,0.0,0.0,31,10,0.0,0.0,3,67,37,0,0,0.0,0,0.0,0.0,0.0,0.0,26,0,0.0,0,0,0.0,0.0,0.0,0,0.0,1,298,7,0.0,0.0,0.0,0,0.0,0.0,0,0,3.03,4.203333333333333,1.1457616231004162,-1.0240640894903674,-0.5000000000000001,-0.8660254037844386
2011-08,0.0,0.0,0.0,0.0,0.0,0.0,0,0.0,0.0,0,0.0,0.0,0.0,165,172,0.0,0.0,2,217,1,1,0,0.0,19,0.0,0.0,0.0,0.0,29,0,0.0,0,0,0.0,0.0,0.0,0,31.0,9,271,6,0.0,87.0,0.0,0,0.0,0.0,0,0,18.950000000000003,5.4375,4.4068399830676475,3.0662561045826333,-0.8660254037844384,-0.5000000000000004
2011-09,0.0,0.0,16.0,0.0,0.0,0.0,0,0.0,0.0,0,0.0,0.0,0.0,145,158,0.0,0.0,1,57,0,0,0,0.0,0,0.0,0.0,0.0,0.0,3,0,0.0,0,0,2.0,0.0,0.0,0,0.0,2,67,3,0.0,0.0,0.0,0,0.0,0.0,0,0,9.39,5.914166666666667,4.506503297424401,0.7712927527024944,-1.0,-1.8369701987210287e-16
2011-10,0.0,0.0,9.0,0.0,0.0,0.0,0,0.0,0.0,0,0.0,0.0,0.0,2,0,0.0,16.0,0,0,0,0,53,0.0,3,0.0,0.0,0.0,0.0,0,0,0.0,0,0,0.0,0.0,0.0,0,0.0,6,1,0,0.0,0.0,0.0,0,0.0,0.0,42,6,6.09,6.0125,4.495460589204508,0.01723961281878653,-0.8660254037844386,0.5000000000000001
2011-11,0.0,0.0,0.0,0.0,0.0,0.0,0,0.0,0.0,0,0.0,0.0,0.0,0,14,0.0,0.0,0,9,0,0,0,0.0,0,0.0,0.0,3.0,0.0,0,0,0.0,0,0,0.0,0.0,0.0,0,0.0,0,24,2,0.0,0.0,0.0,0,0.0,0.0,9,18,3.05,6.0874999999999995,4.43222522606258,-0.6853216714120819,-0.5000000000000004,0.8660254037844384
2011-12,0.0,0.0,0.0,0.0,0.0,0.0,0,0.0,0.0,0,0.0,0.0,0.0,0,18,0.0,0.0,0,0,0,0,1,0.0,7,0.0,0.0,4.0,0.0,0,0,0.0,0,0,0.0,0.0,0.0,0,0.0,46,10,0,0.0,0.0,0.0,0,0.0,0.0,0,5,4.0,6.0675,4.441850812033613,-0.4654591267223214,-2.4492935982947064e-16,1.0
2012-01,0.0,0.0,0.0,0.0,0.0,0.0,0,0.0,0.0,0,0.0,0.0,0.0,0,3,0.0,0.0,0,1,0,0,26,0.0,31,0.0,9.0,22.0,0.0,0,0,0.0,0,0,0.0,6.0,0.0,0,0.0,101,44,0,0.0,0.0,0.0,0,0.0,0.0,10,74,3.2300000000000004,5.925833333333333,4.5080442409971875,-0.5980050747543262,0.4999999999999999,0.8660254037844387
2012-02,0.0,0.0,0.0,0.0,0.0,0.0,0,0.0,0.0,0,0.0,17.0,0.0,0,0,0.0,0.0,0,0,0,0,2,0.0,32,0.0,0.0,12.0,0.0,0,0,0.0,0,0,0.0,0.0,0.0,0,0.0,35,0,0,0.0,0.0,0.0,0,0.0,1.0,19,80,1.37,5.7508333333333335,4.650553160320794,-0.9420026354523263,0.8660254037844386,0.5000000000000001
2012-03,0.0,0.0,0.0,1.0,0.0,0.0,0,0.0,0.0,0,0.0,4.0,2.0,0,0,0.0,0.0,0,36,35,0,0,0.0,15,0.0,0.0,0.0,0.0,1,0,0.0,0,0,0.0,3.0,0.0,0,0.0,53,0,0,0.0,0.0,0.0,0,0.0,5.0,15,18,0.96,5.315,4.846591116913565,-0.8985697152792574,1.0,6.123233995736766e-17
2012-04,0.0,0.0,0.0,0.0,0.0,0.0,0,3.0,0.0,0,0.0,0.0,3.0,0,1,0.0,171.0,0,5,0,0,14,3.0,0,0.0,0.0,1.0,0.0,0,0,0.0,0,0,0.0,0.0,0.0,0,0.0,42,5,0,0.0,0.0,0.0,0,0.0,22.0,6,0,3.5600000000000005,5.165833333333334,4.872890608128598,-0.3295443018266408,0.8660254037844387,-0.4999999999999998
2012-05,0.0,0.0,0.0,0.0,0.0,0.0,0,0.0,0.0,0,0.0,0.0,0.0,23,6,0.0,0.0,0,210,4,1,0,0.0,0,0.0,0.0,0.0,0.0,2,0,0.0,0,0,2.0,0.0,0.0,0,0.0,0,191,1,0.0,0.0,0.0,0,0.0,0.0,0,0,5.379999999999999,5.1883333333333335,4.873232702190302,0.03933049751154298,0.4999999999999999,-0.8660254037844387
2012-06,0.0,0.0,18.0,0.0,0.0,0.0,0,0.0,0.0,0,20.0,0.0,0.0,15,4,0.0,0.0,5,114,42,0,0,0.0,0,0.0,0.0,0.0,0.0,10,0,0.0,0,0,5.0,0.0,0.0,0,0.0,0,169,3,0.0,0.0,0.0,0,0.0,0.0,0,0,2.97,5.165000000000001,4.884015672672347,-0.4494252572287469,1.2246467991473532e-16,-1.0
2012-07,0.0,0.0,0.0,0.0,0.0,0.0,0,0.0,0.0,0,57.0,0.0,0.0,48,6,0.0,0.0,0,312,66,2,0,0.0,0,0.0,0.0,0.0,0.0,30,0,0.0,0,0,1.0,0.0,0.0,0,0.0,0,552,11,0.0,0.0,0.0,0,0.0,3.0,0,0,4.209999999999999,5.263333333333334,4.848874908552283,-0.21723252366760393,-0.5000000000000001,-0.8660254037844386
2012-08,0.0,0.0,0.0,0.0,0.0,0.0,0,0.0,0.0,0,0.0,0.0,0.0,41,3,0.0,0.0,0,47,0,1,0,0.0,0,0.0,0.0,0.0,0.0,15,0,0.0,0,0,0.0,0.0,0.0,0,0.0,0,196,2,0.0,0.0,0.0,0,0.0,0.0,0,0,2.91,3.9266666666666663,2.244197906251641,-0.453020058451417,-0.8660254037844384,-0.5000000000000004
2012-09,0.0,0.0,0.0,0.0,0.0,0.0,0,0.0,0.0,0,0.0,0.0,0.0,49,5,0.0,0.0,2,59,0,1,0,0.0,24,0.0,0.0,0.0,0.0,4,0,0.0,0,0,8.0,0.0,0.0,0,0.0,41,318,5,0.0,0.0,0.0,0,0.0,0.0,0,0,4.390000000000001,3.5100000000000002,1.4673414425725568,0.5997240822539409,-1.0,-1.8369701987210287e-16
2012-10,0.0,0.0,42.0,0.0,0.0,0.0,0,0.0,0.0,0,0.0,0.0,0.0,1,33,0.0,22.0,0,1,0,0,3,4.0,147,0.0,0.0,0.0,0.0,0,0,0.0,0,0,0.0,0.0,0.0,0,9.0,24,0,1,0.0,0.0,0.0,0,0.0,0.0,0,0,2.92,3.2458333333333336,1.2261651848776582,-0.26573363634186364,-0.8660254037844386,0.5000000000000001
2012-11,0.0,0.0,4.0,0.0,0.0,0.0,0,0.0,0.0,0,0.0,0.0,0.0,0,0,0.0,0.0,0,0,0,0,11,0.0,8,0.0,0.0,4.0,0.0,0,0,0.0,0,0,0.0,0.0,0.0,0,0.0,6,0,0,0.0,0.0,0.0,0,0.0,0.0,5,39,1.8100000000000005,3.1425,1.294513773233375,-1.0293440112821237,-0.5000000000000004,0.8660254037844384
2012-12,0.0,0.0,24.0,0.0,0.0,0.0,0,0.0,0.0,0,0.0,0.0,0.0,1,19,0.0,0.0,0,0,0,0,39,0.0,38,0.0,3.0,5.0,0.0,0,0,0.0,0,0,0.0,0.0,0.0,0,1.0,98,0,0,0.0,0.0,0.0,0,0.0,0.0,97,106,4.8,3.209166666666667,1.3615529791938015,1.168396204659838,-2.4492935982947064e-16,1.0
2013-01,0.0,0.0,0.0,36.0,0.0,34.0,0,0.0,0.0,0,0.0,0.0,0.0,2,14,0.0,0.0,0,0,0,0,0,0.0,98,0.0,4.0,23.0,0.0,0,0,0.0,0,0,0.0,0.0,0.0,0,0.0,47,23,0,0.0,0.0,0.0,0,0.0,0.0,2,119,2.76,3.17,1.3676456212976174,-0.29978526133911326,0.4999999999999999,0.8660254037844387
2013-02,0.0,14.0,10.0,0.0,0.0,0.0,0,0.0,0.0,0,0.0,0.0,0.0,0,0,0.0,0.0,0,0,0,0,31,0.0,2,0.0,0.0,25.0,0.0,0,0,0.0,0,0,0.0,0.0,0.0,0,0.0,30,0,0,0.0,0.0,0.0,0,0.0,0.0,74,125,4.25,3.41,1.2724421758606923,0.6601478762143479,0.8660254037844386,0.5000000000000001
2013-03,0.0,0.0,26.0,0.0,0.0,0.0,0,0.0,0.0,0,0.0,0.0,0.0,0,2,0.0,0.0,0,0,0,0,55,0.0,10,0.0,1.0,10.0,0.0,0,0,0.0,0,0,0.0,0.0,0.0,0,0.0,27,0,0,0.0,0.0,0.0,0,0.0,0.0,14,142,2.9,3.5716666666666668,1.0337120518116298,-0.6497618611387367,1.0,6.123233995736766e-17
2013-04,0.0,0.0,0.0,0.0,0.0,0.0,0,0.0,0.0,0,0.0,0.0,0.0,2,1,0.0,0.0,0,36,0,0,0,0.0,0,0.0,0.0,2.0,0.0,3,0,0.0,0,0,0.0,0.0,0.0,0,0.0,0,119,2,0.0,0.0,0.0,0,0.0,7.0,0,0,2.9,3.516666666666666,1.0517892403236542,-0.586302505316471,0.8660254037844387,-0.4999999999999998
2013-05,0.0,0.0,0.0,0.0,0.0,0.0,0,0.0,0.0,0,0.0,6.0,0.0,44,4,0.0,21.0,2,172,0,2,0,0.0,0,0.0,0.0,0.0,0.0,3,0,0.0,0,0,0.0,0.0,0.0,0,0.0,8,230,8,0.0,0.0,0.0,0,0.0,0.0,0,0,2.9,3.31,0.8823831367382324,-0.46465076555699253,0.4999999999999999,-0.8660254037844387
2013-06,0.0,0.0,0.0,0.0,0.0,0.0,0,0.0,0.0,0,0.0,0.0,0.0,162,89,0.0,0.0,0,132,0,2,0,0.0,0,0.0,0.0,0.0,0.0,14,0,0.0,0,0,0.0,0.0,0.0,0,0.0,0,350,2,0.0,0.0,4.0,0,0.0,0.0,0,0,10.1,3.9041666666666663,2.1387483949660147,2.8969435338520904,1.2246467991473532e-16,-1.0
2013-07,0.0,0.0,0.0,0.0,0.0,0.0,0,0.0,0.0,0,57.0,0.0,0.0,202,31,0.0,0.0,2,32,98,7,0,0.0,0,0.0,0.0,0.0,0.0,11,0,0.0,0,0,0.0,0.0,0.0,0,0.0,0,331,9,0.0,0.0,0.0,0,0.0,0.0,0,0,2.84,3.7900000000000005,2.157422704819974,-0.44034022534275374,-0.5000000000000001,-0.8660254037844386
2013-08,0.0,0.0,0.0,0.0,1.0,3.0,0,0.0,0.0,0,0.0,0.0,0.0,75,43,0.0,0.0,2,18,1,4,0,0.0,0,0.0,0.0,0.0,0.0,7,0,0.0,0,0,0.0,0.0,0.0,0,0.0,0,68,2,0.0,0.0,0.0,0,0.0,0.0,0,0,2.85,3.785,2.1597158904061278,-0.43292731426084763,-0.8660254037844384,-0.5000000000000004
2013-09,0.0,0.0,0.0,0.0,0.0,0.0,0,0.0,0.0,0,4.0,0.0,0.0,38,8,0.0,2.0,0,82,37,0,0,0.0,0,0.0,0.0,0.0,0.0,10,0,0.0,0,0,0.0,0.0,0.0,0,0.0,0,168,0,0.0,0.0,0.0,0,0.0,0.0,0,0,2.95,3.6649999999999996,2.1630470931703574,-0.3305522113954675,-1.0,-1.8369701987210287e-16
2013-10,0.0,0.0,0.0,0.0,0.0,0.0,0,0.0,0.0,0,0.0,0.0,0.0,0,10,0.0,21.0,1,0,0,0,0,0.0,0,0.0,0.0,1.0,0.0,0,0,0.0,0,0,0.0,0.0,0.0,0,0.0,6,87,1,0.0,0.0,0.0,0,0.0,0.0,0,0,0.36,3.4516666666666667,2.3604384543914083,-1.3097849092039942,-0.8660254037844386,0.5000000000000001
2013-11,0.0,0.0,0.0,1.0,0.0,0.0,0,0.0,0.0,0,0.0,6.0,0.0,2,4,0.0,0.0,0,0,0,0,7,0.0,35,0.0,7.0,7.0,0.0,0,0,0.0,0,0,0.0,0.0,0.0,0,0.0,55,135,0,0.0,0.0,0.0,0,0.0,5.0,28,16,3.15,3.563333333333333,2.3068015374828708,-0.1791802747731619,-0.5000000000000004,0.8660254037844384
2013-12,0.0,0.0,0.0,0.0,0.0,6.0,0,0.0,0.0,0,0.0,0.0,0.0,1,10,0.0,0.0,0,0,0,0,47,0.0,0,0.0,15.0,52.0,0.0,0,0,0.0,0,0,0.0,0.0,0.0,0,0.0,4,8,0,0.0,0.0,0.0,0,0.0,0.0,94,134,4.85,3.5674999999999994,2.3092821592237476,0.5553673876002686,-2.4492935982947064e-16,1.0
2014-01,0.0,4.0,8.0,218.0,0.0,58.0,0,0.0,0.0,0,0.0,18.0,83.0,5,15,17.0,0.0,0,0,0,0,178,0.0,7,0.0,2.0,15.0,0.0,0,0,0.0,0,0,0.0,0.0,0.0,0,0.0,48,0,0,0.0,0.0,0.0,0,0.0,0.0,32,134,2.79,3.57,2.3083445465212833,-0.33790449574586856,0.4999999999999999,0.8660254037844387
2014-02,0.0,0.0,0.0,2.0,0.0,34.0,0,0.0,0.0,0,0.0,11.0,0.0,0,7,0.0,0.0,0,0,0,0,184,0.0,0,0.0,10.0,11.0,0.0,1,0,0.0,0,0,0.0,0.0,0.0,0,0.0,11,0,0,0.0,0.0,0.0,0,0.0,0.0,193,141,5.48,3.6725,2.367826487039808,0.7633582992222068,0.8660254037844386,0.5000000000000001
2014-03,0.0,16.0,0.0,2.0,1.0,0.0,0,0.0,0.0,0,0.0,0.0,0.0,0,13,0.0,0.0,0,0,0,0,18,0.0,5,0.0,0.0,1.0,0.0,1,0,0.0,0,0,0.0,0.0,0.0,0,0.0,38,0,0,0.0,0.0,0.0,0,0.0,0.0,53,69,3.67,3.736666666666667,2.3553896930360825,-0.028303879762984766,1.0,6.123233995736766e-17
2014-04,0.0,0.0,6.0,0.0,0.0,0.0,0,0.0,0.0,0,0.0,0.0,0.0,0,61,0.0,0.0,0,2,0,0,0,0.0,7,0.0,0.0,0.0,0.0,0,0,0.0,0,0,0.0,0.0,0.0,0,0.0,19,18,0,0.0,0.0,0.0,0,0.0,10.0,0,6,7.85,4.149166666666667,2.6147152055358944,1.4153867792170638,0.8660254037844387,-0.4999999999999998
2014-05,0.0,0.0,6.0,0.0,0.0,0.0,0,0.0,0.0,0,0.0,0.0,0.0,65,70,0.0,0.0,1,138,0,1,0,0.0,0,0.0,0.0,0.0,0.0,4,0,0.0,0,0,0.0,0.0,0.0,0,0.0,3,99,3,0.0,0.0,0.0,0,0.0,0.0,0,0,4.37,4.271666666666667,2.585138763053626,0.03803793233024717,0.4999999999999999,-0.8660254037844387
2014-06,0.0,0.0,0.0,0.0,0.0,0.0,0,0.0,0.0,0,0.0,0.0,0.0,97,35,0.0,0.0,0,54,17,0,0,0.0,0,0.0,0.0,0.0,0.0,27,0,0.0,0,0,1.0,0.0,0.0,0,0.0,0,311,3,0.0,0.0,0.0,0,0.0,0.0,0,0,4.260000000000001,3.785,1.8265939490060346,0.2600468485393145,1.2246467991473532e-16,-1.0
2014-07,0.0,0.0,0.0,0.0,0.0,0.0,0,0.0,2.0,0,0.0,0.0,0.0,112,5,0.0,0.0,3,123,25,0,0,0.0,0,0.0,0.0,0.0,0.0,49,0,0.0,0,0,2.0,0.0,0.0,0,0.0,1,744,13,0.0,0.0,0.0,0,0.0,0.0,0,0,5.590000000000001,4.014166666666667,1.8692655744646867,0.8430227116254548,-0.5000000000000001,-0.8660254037844386
2014-08,0.0,0.0,0.0,0.0,0.0,0.0,0,0.0,0.0,0,0.0,0.0,0.0,103,10,0.0,0.0,0,44,0,1,0,0.0,0,0.0,0.0,0.0,0.0,5,0,0.0,0,0,2.0,0.0,0.0,0,0.0,1,74,2,0.0,0.0,0.0,0,0.0,0.0,0,0,2.25,3.964166666666667,1.9107992536838596,-0.8970940633150752,-0.8660254037844384,-0.5000000000000004
2014-09,0.0,0.0,0.0,0.0,0.0,0.0,0,0.0,0.0,0,0.0,0.0,0.0,3,1,0.0,2.0,1,4,0,0,0,0.0,0,0.0,0.0,0.0,0.0,4,0,0.0,0,0,0.0,0.0,0.0,0,0.0,0,76,2,0.0,0.0,0.0,0,0.0,0.0,0,0,1.21,3.8191666666666673,2.0553100112694067,-1.269475968277499,-1.0,-1.8369701987210287e-16
2014-10,0.0,0.0,0.0,0.0,0.0,0.0,0,0.0,0.0,0,0.0,0.0,0.0,7,0,0.0,11.0,0,5,0,3,0,0.0,0,0.0,0.0,0.0,0.0,2,0,0.0,0,0,0.0,0.0,0.0,0,0.0,13,2,0,0.0,0.0,0.0,0,0.0,0.0,0,0,5.7700000000000005,4.2700000000000005,1.8057534312705776,0.8306781944999871,-0.8660254037844386,0.5000000000000001
2014-11,0.0,0.0,0.0,0.0,0.0,0.0,0,0.0,0.0,0,0.0,0.0,0.0,0,2,0.0,0.0,0,0,0,0,35,0.0,8,0.0,0.0,33.0,0.0,0,0,0.0,0,0,0.0,0.0,0.0,0,0.0,38,2,0,0.0,0.0,0.0,0,0.0,0.0,47,49,4.51,4.383333333333334,1.7714212749465736,0.07150567087464066,-0.5000000000000004,0.8660254037844384
2014-12,0.0,0.0,9.0,0.0,0.0,3.0,0,0.0,0.0,0,0.0,0.0,0.0,0,9,0.0,0.0,0,0,0,3,5,0.0,6,0.0,0.0,7.0,0.0,0,0,0.0,0,0,0.0,0.0,0.0,0,0.0,22,10,0,0.0,0.0,0.0,0,0.0,0.0,48,79,6.039999999999999,4.482500000000001,1.8321875896415125,0.8500767109249661,-2.4492935982947064e-16,1.0
2015-01,0.0,8.0,0.0,75.0,0.0,0.0,0,0.0,0.0,0,0.0,12.0,23.0,0,9,0.0,0.0,0,0,0,1,27,0.0,7,0.0,0.0,37.0,0.0,0,0,0.0,0,0,0.0,0.0,0.0,0,0.0,36,2,0,0.0,0.0,0.0,0,0.0,0.0,32,258,5.23,4.685833333333334,1.7613035375866266,0.3089567783485489,0.4999999999999999,0.8660254037844387
2015-02,0.0,0.0,0.0,265.0,0.0,0.0,0,0.0,0.0,0,0.0,26.0,155.0,0,0,0.0,0.0,0,0,0,0,142,0.0,21,0.0,0.0,4.0,0.0,0,0,0.0,0,0,0.0,0.0,0.0,0,0.0,66,0,0,0.0,0.0,0.0,0,0.0,0.0,79,166,2.04,4.399166666666667,1.8951539075582604,-1.2448417288209832,0.8660254037844386,0.5000000000000001
2015-03,0.0,0.0,0.0,0.0,0.0,0.0,0,0.0,0.0,0,0.0,0.0,0.0,2,14,0.0,0.0,0,0,0,0,70,0.0,1,0.0,1.0,2.0,0.0,0,0,0.0,0,0,0.0,0.0,0.0,0,0.0,16,1,0,0.0,0.0,0.0,0,0.0,0.0,24,110,4.719999999999999,4.486666666666666,1.8826255038851458,0.123940386896813,1.0,6.123233995736766e-17
2015-04,0.0,0.0,0.0,0.0,0.0,0.0,0,0.0,0.0,0,0.0,0.0,0.0,0,2,0.0,0.0,1,23,0,2,0,0.0,9,0.0,0.0,0.0,0.0,1,0,0.0,0,0,0.0,0.0,0.0,0,0.0,51,48,1,0.0,0.0,0.0,0,0.0,11.0,0,2,2.08,4.005833333333333,1.6704025553649346,-1.1529157011571947,0.8660254037844387,-0.4999999999999998
2015-05,0.0,0.0,0.0,0.0,0.0,0.0,0,0.0,0.0,0,0.0,0.0,0.0,40,7,0.0,6.0,0,22,0,0,0,0.0,0,0.0,0.0,0.0,0.0,5,0,0.0,0,0,0.0,0.0,0.0,0,0.0,0,137,1,0.0,0.0,0.0,0,0.0,6.0,0,0,1.86,3.7966666666666664,1.774559270934789,-1.0913507924964847,0.4999999999999999,-0.8660254037844387
2015-06,0.0,0.0,0.0,0.0,0.0,0.0,0,0.0,0.0,0,0.0,0.0,0.0,123,6,0.0,0.0,16,29,19,8,0,0.0,0,0.0,0.0,0.0,0.0,6,0,0.0,0,0,1.0,0.0,0.0,0,0.0,4,630,6,0.0,0.0,0.0,0,0.0,0.0,0,0,4.79,3.8408333333333338,1.7936324663214671,0.5291868231027829,1.2246467991473532e-16,-1.0
2015-07,0.0,0.0,0.0,0.0,0.0,0.0,0,0.0,0.0,0,9.0,0.0,0.0,70,8,0.0,0.0,4,19,23,7,0,0.0,0,0.0,0.0,0.0,0.0,3,0,0.0,0,0,2.0,0.0,0.0,0,0.0,0,204,3,0.0,0.0,0.0,0,0.0,0.0,0,0,3.98,3.7066666666666666,1.709121695402926,0.15992619722078655,-0.5000000000000001,-0.8660254037844386
2015-08,0.0,0.0,0.0,0.0,0.0,0.0,0,0.0,0.0,0,0.0,0.0,0.0,25,3,0.0,0.0,0,52,0,2,0,0.0,0,0.0,0.0,0.0,0.0,6,0,0.0,0,0,8.0,0.0,0.0,0,0.0,1,118,2,0.0,0.0,0.0,0,0.0,0.0,0,0,2.35,3.715,1.7016008505361817,-0.8021857767465751,-0.8660254037844384,-0.5000000000000004
2015-09,0.0,0.0,0.0,0.0,0.0,0.0,0,9.0,0.0,0,0.0,0.0,0.0,23,15,0.0,0.0,0,4,1,12,0,0.0,0,0.0,0.0,0.0,0.0,0,0,0.0,0,0,0.0,0.0,0.0,0,0.0,0,35,1,0.0,0.0,0.0,0,0.0,2.0,0,0,3.28,3.8874999999999997,1.519779439739382,-0.39972905548990484,-1.0,-1.8369701987210287e-16
2015-10,0.0,0.0,4.0,0.0,0.0,0.0,0,10.0,0.0,0,0.0,0.0,0.0,0,0,0.0,0.0,0,0,0,0,0,0.0,13,0.0,0.0,1.0,0.0,0,0,0.0,0,0,0.0,0.0,0.0,0,0.0,18,20,0,0.0,0.0,0.0,0,0.0,0.0,0,0,3.91,3.7325,1.4005007221445034,0.1267403844877745,-0.8660254037844386,0.5000000000000001
2015-11,0.0,0.0,0.0,0.0,0.0,2.0,0,10.0,0.0,0,0.0,0.0,0.0,0,0,0.0,0.0,0,0,0,0,0,0.0,10,0.0,0.0,0.0,0.0,0,0,0.0,0,0,0.0,4.0,0.0,0,0.0,5,2,0,0.0,0.0,0.0,0,0.0,0.0,0,0,2.01,3.5241666666666664,1.4590498672600316,-1.0377758160590767,-0.5000000000000004,0.8660254037844384
2015-12,0.0,0.0,0.0,0.0,0.0,10.0,0,10.0,0.0,0,0.0,0.0,0.0,0,0,0.0,0.0,0,0,0,0,0,0.0,0,0.0,0.0,9.0,0.0,0,0,0.0,0,0,0.0,0.0,0.0,0,0.0,9,0,0,0.0,0.0,0.0,0,0.0,0.0,2,48,4.720000000000001,3.414166666666667,1.2923724367037215,1.0104156481888031,-2.4492935982947064e-16,1.0
2016-01,0.0,30.0,19.0,3.0,0.0,0.0,0,0.0,0.0,0,0.0,0.0,0.0,0,0,1.0,0.0,0,0,0,0,13,5.0,18,0.0,0.0,52.0,0.0,0,0,0.0,0,0,0.0,0.0,0.0,0,0.0,6,0,0,0.0,0.0,0.0,0,0.0,0.0,80,16,4.41,3.345833333333333,1.206455803608489,0.8820602159513531,0.4999999999999999,0.8660254037844387
2016-02,0.0,0.0,21.0,28.0,0.0,0.0,0,0.0,0.0,0,0.0,6.0,47.0,9,28,0.0,0.0,0,0,0,2,29,0.0,10,0.0,2.0,14.0,0.0,0,0,0.0,0,0,0.0,0.0,0.0,0,0.0,51,82,2,0.0,0.0,0.0,0,0.0,0.0,40,72,4.4,3.5425000000000004,1.1659106858043322,0.7354765767571917,0.8660254037844386,0.5000000000000001
2016-03,0.0,0.0,0.0,0.0,0.0,0.0,0,0.0,0.0,0,0.0,0.0,0.0,0,0,0.0,0.0,0,2,0,0,0,0.0,2,0.0,0.0,0.0,0.0,1,0,0.0,0,0,0.0,0.0,0.0,0,0.0,37,1,0,0.0,0.0,0.0,0,0.0,0.0,2,15,1.17,3.2466666666666666,1.2843415952671358,-1.616911477693543,1.0,6.123233995736766e-17
2016-04,0.0,0.0,0.0,0.0,0.0,0.0,0,0.0,0.0,0,0.0,0.0,0.0,0,0,0.0,1.0,0,5,0,0,0,0.0,49,0.0,0.0,0.0,0.0,0,0,0.0,0,0,0.0,0.0,0.0,0,0.0,20,41,0,0.0,0.0,0.0,0,0.0,1.0,1,42,1.61,3.2075,1.329525718579236,-1.201556297615008,0.8660254037844387,-0.4999999999999998
2016-05,0.0,0.0,15.0,0.0,0.0,0.0,0,0.0,0.0,0,1.0,0.0,0.0,13,4,0.0,0.0,0,14,0,1,0,0.0,0,0.0,0.0,0.0,0.0,2,0,0.0,0,0,0.0,0.0,0.0,0,0.0,0,14,0,0.0,0.0,0.0,0,0.0,0.0,0,0,3.75,3.365,1.265805528651078,0.30415414634053617,0.4999999999999999,-0.8660254037844387
2016-06,0.0,0.0,0.0,0.0,1.0,0.0,0,0.0,0.0,0,0.0,0.0,0.0,28,10,0.0,0.0,0,45,0,4,0,0.0,0,0.0,0.0,0.0,0.0,7,0,0.0,0,0,3.0,0.0,0.0,0,0.0,0,263,3,0.0,0.0,0.0,0,0.0,0.0,0,0,2.6,3.1824999999999997,1.1977184750410017,-0.4863413332419864,1.2246467991473532e-16,-1.0
2016-07,0.0,0.0,0.0,0.0,0.0,0.0,0,23.0,0.0,0,9.0,0.0,0.0,48,18,0.0,0.0,1,49,1,107,0,0.0,0,0.0,0.0,0.0,0.0,20,0,0.0,0,0,2.0,0.0,0.0,0,0.0,0,422,3,0.0,0.0,0.0,0,0.0,0.0,0,0,7.02,3.4358333333333335,1.6264878969078982,2.20362332451443,-0.5000000000000001,-0.8660254037844386
2016-08,0.0,0.0,0.0,0.0,0.0,0.0,0,27.0,0.0,0,44.0,0.0,0.0,31,10,0.0,0.0,1,3,24,6,0,0.0,0,0.0,0.0,0.0,0.0,22,0,0.0,0,0,3.0,0.0,0.0,0,0.0,0,279,5,0.0,0.0,0.0,0,0.0,0.0,0,0,1.97,3.404166666666667,1.6530327958762412,-0.8675972250789147,-0.8660254037844384,-0.5000000000000004
2016-09,0.0,0.0,1.0,0.0,0.0,0.0,0,28.0,0.0,0,0.0,0.0,0.0,8,7,0.0,0.0,0,0,0,49,0,3.0,0,0.0,0.0,0.0,0.0,0,0,0.0,0,0,1.0,0.0,0.0,0,0.0,1,95,1,0.0,0.0,0.0,0,0.0,0.0,0,0,2.79,3.3633333333333333,1.6624042465019984,-0.3448820192439541,-1.0,-1.8369701987210287e-16
2016-10,0.0,0.0,0.0,0.0,0.0,0.0,0,24.0,0.0,0,0.0,0.0,0.0,11,4,0.0,0.0,0,1,0,1,0,0.0,0,0.0,0.0,0.0,0.0,0,0,0.0,0,0,0.0,0.0,0.0,0,0.0,37,25,0,0.0,0.0,0.0,0,0.0,0.0,0,29,4.15,3.3833333333333333,1.6710004261646443,0.458806984523849,-0.8660254037844386,0.5000000000000001
2016-11,0.0,0.0,0.0,0.0,0.0,0.0,0,14.0,0.0,0,0.0,0.0,0.0,0,3,0.0,0.0,0,0,0,0,6,0.0,1,0.0,0.0,39.0,0.0,0,0,0.0,0,0,0.0,0.0,0.0,0,0.0,9,0,0,0.0,0.0,0.0,0,0.0,1.0,7,9,5.41,3.6666666666666674,1.7048771394461426,1.022556577830402,-0.5000000000000004,0.8660254037844384
2016-12,0.0,1.0,0.0,25.0,0.0,0.0,0,3.0,0.0,0,0.0,19.0,0.0,0,6,0.0,0.0,0,0,0,0,0,0.0,0,0.0,13.0,46.0,0.0,0,0,0.0,0,0,0.0,0.0,0.0,0,0.0,10,0,0,0.0,0.0,0.0,0,0.0,0.0,3,131,2.89,3.5141666666666667,1.6838076889399614,-0.3706876211377855,-2.4492935982947064e-16,1.0
2017-01,0.0,0.0,10.0,0.0,0.0,0.0,0,3.0,0.0,0,0.0,0.0,0.0,5,17,0.0,0.0,0,0,0,7,16,0.0,43,0.0,0.0,24.0,0.0,0,0,0.0,0,0,0.0,0.0,0.0,0,0.0,38,10,0,0.0,0.0,0.0,0,0.0,0.0,20,85,4.829999999999999,3.549166666666667,1.7083083516281317,0.7497670617325104,0.4999999999999999,0.8660254037844387
2017-02,0.0,14.0,0.0,0.0,0.0,0.0,0,3.0,0.0,0,0.0,0.0,0.0,5,0,0.0,0.0,1,26,0,0,42,0.0,40,0.0,7.0,20.0,0.0,0,0,0.0,0,0,0.0,0.0,0.0,0,0.0,11,87,3,0.0,0.0,0.0,0,0.0,0.0,102,35,2.48,3.389166666666666,1.7112858447448926,-0.5312769163951092,0.8660254037844386,0.5000000000000001
2017-03,0.0,42.0,12.0,2.0,0.0,0.0,0,2.0,0.0,0,0.0,0.0,0.0,0,12,0.0,0.0,0,0,0,6,25,0.0,86,0.0,1.0,0.0,0.0,2,0,0.0,0,0,0.0,0.0,0.0,0,0.0,45,23,0,0.0,0.0,0.0,0,0.0,0.0,104,27,5.249999999999999,3.7291666666666665,1.6338546632445805,0.930825346676304,1.0,6.123233995736766e-17
2017-04,0.0,0.0,0.0,0.0,0.0,0.0,0,2.0,0.0,0,0.0,0.0,0.0,1,23,0.0,0.0,3,24,0,0,0,0.0,13,0.0,0.0,0.0,0.0,3,0,0.0,0,0,0.0,0.0,0.0,0,0.0,14,48,1,0.0,0.0,0.0,0,0.0,0.0,1,2,3.84,3.9150000000000005,1.4915306354090214,-0.05028391520730208,0.8660254037844387,-0.4999999999999998
2017-05,0.0,0.0,12.0,0.0,0.0,0.0,0,0.0,0.0,0,0.0,0.0,0.0,27,25,0.0,4.0,0,96,0,13,0,0.0,6,0.0,0.0,0.0,0.0,2,0,0.0,0,0,0.0,0.0,0.0,0,0.0,11,349,15,0.0,0.0,0.0,0,0.0,0.0,0,0,6.379999999999999,4.134166666666666,1.649900593883454,1.3611931177303245,0.4999999999999999,-0.8660254037844387
2017-06,0.0,0.0,7.0,0.0,1.0,0.0,0,0.0,0.0,0,1.0,0.0,0.0,66,19,0.0,0.0,1,49,0,3,0,0.0,0,0.0,0.0,0.0,0.0,4,0,0.0,0,0,3.0,0.0,0.0,0,0.0,2,343,10,0.0,0.0,0.0,0,0.0,0.0,0,0,4.76,4.314166666666666,1.583812766329368,0.28149371113265714,1.2246467991473532e-16,-1.0
2017-07,0.0,0.0,7.0,0.0,1.0,0.0,0,0.0,0.0,0,3.0,0.0,0.0,212,69,0.0,0.0,1,17,3,80,0,0.0,0,0.0,0.0,0.0,0.0,18,0,0.0,0,0,4.0,0.0,0.0,0,0.0,0,241,9,0.0,0.0,0.0,0,0.0,0.0,0,0,4.19,4.078333333333333,1.3355137474758445,0.08361326633868063,-0.5000000000000001,-0.8660254037844386
2017-08,0.0,0.0,7.0,0.0,0.0,0.0,0,0.0,0.0,0,0.0,0.0,0.0,31,36,0.0,0.0,3,39,1,34,0,1.0,0,0.0,0.0,0.0,0.0,17,0,0.0,0,0,5.0,0.0,0.0,0,0.0,0,516,6,0.0,0.0,0.0,0,0.0,0.0,0,0,3.34,4.1925,1.189469897207845,-0.7167058216447123,-0.8660254037844384,-0.5000000000000004
2017-09,0.0,0.0,14.0,0.0,0.0,0.0,0,0.0,0.0,0,0.0,0.0,0.0,5,2,0.0,0.0,0,6,0,2,0,5.0,0,0.0,0.0,0.0,0.0,0,0,0.0,0,0,4.0,0.0,0.0,0,0.0,0,72,0,0.0,0.0,0.0,0,0.0,0.0,0,0,2.0,4.126666666666666,1.291625708050507,-1.6465038233688565,-1.0,-1.8369701987210287e-16
2017-10,0.0,0.0,10.0,0.0,0.0,0.0,0,0.0,0.0,0,0.0,0.0,0.0,5,22,0.0,0.0,0,0,0,7,0,0.0,43,0.0,0.0,0.0,0.0,0,0,0.0,0,0,0.0,0.0,0.0,0,0.0,42,100,1,0.0,0.0,0.0,0,0.0,0.0,0,0,4.18,4.129166666666666,1.2917040072804011,0.03935370103895518,-0.8660254037844386,0.5000000000000001
2017-11,0.0,0.0,7.0,0.0,0.0,0.0,0,0.0,0.0,0,0.0,0.0,0.0,2,11,0.0,0.0,0,0,0,0,0,0.0,0,0.0,0.0,6.0,0.0,1,0,0.0,0,0,0.0,0.0,0.0,0,0.0,59,33,3,0.0,0.0,0.0,0,0.0,0.0,0,0,1.58,3.809999999999999,1.4138535349115262,-1.5772496548870207,-0.5000000000000004,0.8660254037844384
2017-12,0.0,0.0,0.0,50.0,0.0,0.0,0,0.0,0.0,0,0.0,1.0,10.0,0,0,0.0,0.0,0,0,0,0,11,0.0,3,0.0,0.0,53.0,0.0,0,0,0.0,0,0,0.0,0.0,0.0,0,0.0,4,0,0,0.0,0.0,0.0,0,0.0,0.0,23,107,2.21,3.7533333333333325,1.4667176299685651,-1.0522361644800093,-2.4492935982947064e-16,1.0
2018-01,0.0,27.0,0.0,32.0,0.0,0.0,0,0.0,0.0,0,0.0,0.0,62.0,3,66,0.0,0.0,0,0,0,0,22,0.0,1,0.0,0.0,10.0,0.0,0,0,0.0,0,0,0.0,0.0,0.0,0,2.0,0,4,0,0.0,0.0,0.0,0,0.0,0.0,96,55,2.18,3.5324999999999993,1.4891982284559568,-0.9082068284504405,0.4999999999999999,0.8660254037844387
2018-02,0.0,0.0,0.0,0.0,0.0,0.0,0,0.0,0.0,0,0.0,0.0,0.0,1,36,0.0,0.0,0,0,0,0,44,0.0,0,0.0,0.0,8.0,0.0,0,0,0.0,0,0,0.0,0.0,0.0,0,0.0,0,1,1,0.0,0.0,0.0,0,0.0,0.0,49,75,5.829999999999998,3.811666666666666,1.5848821770565515,1.2734910913578368,0.8660254037844386,0.5000000000000001
2018-03,0.0,6.0,34.0,0.0,0.0,0.0,0,0.0,0.0,0,0.0,0.0,0.0,0,3,0.0,0.0,0,0,0,0,54,0.0,75,0.0,0.0,5.0,0.0,3,0,0.0,0,0,0.0,0.0,0.0,0,0.0,1,0,0,0.0,0.0,0.0,0,0.0,0.0,208,135,5.170000000000001,3.8049999999999997,1.5784370866029585,0.8647794781214201,1.0,6.123233995736766e-17
2018-04,0.0,0.0,9.0,0.0,0.0,0.0,0,0.0,0.0,0,0.0,0.0,0.0,43,21,0.0,0.0,0,2,0,0,9,2.0,103,0.0,12.0,1.0,0.0,0,0,0.0,0,0,0.0,0.0,0.0,0,0.0,14,5,0,0.0,0.0,0.0,0,0.0,0.0,6,73,5.779999999999999,3.9666666666666663,1.6785238825356121,1.080314288167336,0.8660254037844387,-0.4999999999999998
2018-05,0.0,0.0,0.0,0.0,0.0,0.0,0,0.0,0.0,0,0.0,0.0,0.0,20,2,0.0,0.0,1,77,0,0,0,0.0,9,0.0,0.0,0.0,0.0,0,0,0.0,0,0,0.0,0.0,0.0,0,0.0,0,494,15,0.0,0.0,0.0,0,0.0,0.0,0,0,3.53,3.7291666666666665,1.4979225513012908,-0.13296192549717914,0.4999999999999999,-0.8660254037844387
2018-06,0.0,0.0,0.0,0.0,0.0,0.0,0,0.0,0.0,0,0.0,0.0,0.0,102,22,0.0,0.0,1,8,36,2,0,0.0,0,0.0,0.0,0.0,0.0,0,0,0.0,0,0,2.0,0.0,0.0,0,0.0,1,178,7,0.0,0.0,0.0,0,0.0,0.0,0,0,3.53,3.6266666666666665,1.4626397887091507,-0.06609054902846559,1.2246467991473532e-16,-1.0
2018-07,0.0,0.0,0.0,0.0,0.0,0.0,0,0.0,0.0,0,54.0,0.0,0.0,108,13,0.0,0.0,1,25,27,15,0,0.0,0,0.0,0.0,0.0,0.0,7,0,0.0,0,0,0.0,0.0,0.0,0,0.0,4,200,3,0.0,0.0,0.0,0,0.0,0.0,0,0,7.450000000000001,3.898333333333333,1.8327169762818034,1.9379242472409741,-0.5000000000000001,-0.8660254037844386
2018-08,0.0,0.0,0.0,0.0,0.0,0.0,0,0.0,0.0,0,0.0,0.0,0.0,269,19,0.0,0.0,3,16,41,33,0,0.0,0,0.0,0.0,0.0,0.0,11,0,0.0,0,0,0.0,0.0,0.0,0,0.0,0,215,5,0.0,0.0,0.0,0,0.0,0.0,0,0,8.59,4.335833333333333,2.263354141467255,1.8795850762924957,-0.8660254037844384,-0.5000000000000004
2018-09,0.0,0.0,35.0,0.0,0.0,0.0,0,0.0,0.0,0,0.0,0.0,0.0,116,69,0.0,0.0,0,1,19,15,0,0.0,0,0.0,0.0,0.0,0.0,2,0,0.0,0,0,1.0,0.0,0.0,0,0.0,1,78,0,0.0,0.0,0.0,0,0.0,0.0,0,0,6.19,4.685,2.192327530274619,0.6864850161378391,-1.0,-1.8369701987210287e-16
2018-10,0.0,0.0,10.0,0.0,0.0,0.0,0,0.0,0.0,0,0.0,0.0,0.0,32,6,0.0,15.0,3,21,0,0,0,0.0,27,0.0,0.0,0.0,0.0,4,0,0.0,0,0,0.0,0.0,0.0,0,1.0,11,64,24,0.0,0.0,0.0,0,0.0,0.0,0,0,3.589999999999999,4.635833333333333,2.2112170993835205,-0.47296727834861124,-0.8660254037844386,0.5000000000000001
2018-11,0.0,0.0,21.0,8.0,0.0,0.0,0,0.0,0.0,0,0.0,0.0,3.0,15,1,0.0,0.0,0,1,0,0,27,0.0,6,0.0,0.0,10.0,0.0,0,0,0.0,0,0,0.0,0.0,0.0,0,0.0,65,21,0,0.0,0.0,0.0,0,0.0,0.0,118,69,7.619999999999998,5.139166666666667,2.1386336263789554,1.160008569365747,-0.5000000000000004,0.8660254037844384
2018-12,0.0,0.0,2.0,0.0,0.0,0.0,0,0.0,0.0,0,0.0,0.0,0.0,10,4,0.0,0.0,0,0,0,0,0,0.0,2,0.0,0.0,3.0,0.0,0,0,0.0,0,0,0.0,0.0,0.0,0,0.0,59,0,0,0.0,0.0,0.0,0,0.0,0.0,2,35,6.51,5.4975,1.9556357952431689,0.517734438315547,-2.4492935982947064e-16,1.0
2019-01,0.0,6.0,8.0,26.0,0.0,0.0,0,0.0,0.0,0,0.0,0.0,92.0,0,23,0.0,0.0,0,6,0,0,26,0.0,32,0.0,0.0,23.0,0.0,0,0,0.0,0,0,0.0,0.0,0.0,0,0.0,55,1,1,0.0,0.0,0.0,0,0.0,0.0,118,113,3.58,5.614166666666667,1.7729608431985096,-1.1473274632489507,0.4999999999999999,0.8660254037844387
2019-02,0.0,7.0,0.0,19.0,0.0,0.0,0,0.0,0.0,0,0.0,0.0,2.0,2,14,0.0,0.0,0,0,0,0,2,0.0,186,0.0,0.0,3.0,4.0,0,0,0.0,0,0,0.0,0.0,0.0,0,0.0,41,0,0,0.0,0.0,0.0,0,0.0,0.0,107,129,3.14,5.390000000000001,1.9080975770741864,-1.1791849782913493,0.8660254037844386,0.5000000000000001
2019-03,0.0,0.0,1.0,0.0,0.0,0.0,0,0.0,0.0,0,0.0,1.0,0.0,0,0,0.0,0.0,0,8,0,0,23,0.0,9,0.0,0.0,7.0,0.0,0,0,0.0,0,0,0.0,0.0,0.0,0,0.0,0,12,0,0.0,0.0,0.0,0,0.0,1.0,40,113,3.870000000000001,5.281666666666667,1.9579759183835006,-0.7209826502014051,1.0,6.123233995736766e-17
2019-04,0.0,0.0,0.0,0.0,0.0,0.0,0,0.0,0.0,0,0.0,0.0,0.0,1,10,0.0,0.0,2,33,0,0,0,0.0,0,0.0,0.0,3.0,0.0,2,0,0.0,0,0,0.0,0.0,0.0,0,0.0,34,193,15,0.0,0.0,0.0,0,0.0,0.0,0,0,4.55,5.179166666666666,1.9617082459999644,-0.3207238731598204,0.8660254037844387,-0.4999999999999998
2019-05,0.0,0.0,0.0,0.0,0.0,0.0,0,0.0,0.0,0,0.0,0.0,0.0,53,25,0.0,0.0,6,204,0,2,0,0.0,0,0.0,0.0,0.0,7.0,4,0,0.0,0,0,0.0,0.0,0.0,0,0.0,0,371,18,0.0,0.0,0.0,0,0.0,0.0,0,0,6.819999999999999,5.453333333333333,1.9400531076767145,0.7044480696218158,0.4999999999999999,-0.8660254037844387
2019-06,0.0,0.0,0.0,0.0,0.0,0.0,0,0.0,0.0,0,0.0,0.0,0.0,113,15,0.0,0.0,0,69,0,6,0,0.0,0,0.0,0.0,0.0,0.0,6,0,0.0,0,0,0.0,0.0,0.0,0,0.0,0,405,7,0.0,0.0,0.0,0,0.0,0.0,0,0,5.46,5.614166666666666,1.8437188620894078,-0.08361723136680144,1.2246467991473532e-16,-1.0
2019-07,0.0,0.0,0.0,0.0,0.0,0.0,0,0.0,0.0,0,59.0,0.0,0.0,243,19,0.0,0.0,1,29,54,11,0,0.0,0,0.0,0.0,0.0,0.0,12,0,0.0,0,0,1.0,0.0,0.0,0,0.0,0,731,2,0.0,0.0,0.0,0,0.0,0.0,0,0,5.77,5.474166666666666,1.7532072342026834,0.16873837134711075,-0.5000000000000001,-0.8660254037844386
2019-08,0.0,0.0,0.0,0.0,0.0,0.0,0,0.0,0.0,0,0.0,0.0,0.0,99,20,0.0,0.0,0,91,8,1,0,0.0,0,0.0,0.0,0.0,0.0,18,0,0.0,0,0,0.0,0.0,0.0,0,0.0,0,756,5,0.0,0.0,0.0,0,0.0,0.0,0,0,3.7,5.066666666666666,1.5153057497256217,-0.9019081904190823,-0.8660254037844384,-0.5000000000000004
2019-09,0.0,0.0,0.0,0.0,0.0,0.0,0,0.0,0.0,0,0.0,0.0,0.0,7,0,0.0,0.0,1,16,0,0,0,0.0,0,0.0,0.0,0.0,0.0,0,0,0.0,0,0,2.0,0.0,0.0,0,0.0,0,77,2,0.0,0.0,0.0,0,0.0,0.0,0,0,0.95,4.63,1.8745811653418893,-1.963105182126822,-1.0,-1.8369701987210287e-16
2019-10,0.0,0.0,48.0,0.0,0.0,0.0,0,0.0,0.0,0,0.0,0.0,0.0,56,29,0.0,38.0,0,2,0,3,0,0.0,33,0.0,0.0,0.0,7.0,0,0,0.0,0,0,1.0,0.0,0.0,0,0.0,85,127,2,0.0,0.0,0.0,0,0.0,0.0,0,0,6.15,4.843333333333334,1.8910619110740827,0.6909697979821866,-0.8660254037844386,0.5000000000000001
2019-11,0.0,0.0,2.0,0.0,0.0,0.0,0,0.0,0.0,0,0.0,0.0,0.0,7,37,0.0,0.0,0,0,0,0,0,0.0,51,0.0,0.0,1.0,17.0,0,0,0.0,0,0,0.0,0.0,0.0,0,0.0,29,6,0,0.0,0.0,0.0,0,0.0,0.0,21,43,6.15,4.720833333333333,1.7361056646379245,0.823202582525257,-0.5000000000000004,0.8660254037844384
2019-12,0.0,0.0,0.0,16.0,0.0,0.0,0,0.0,0.0,0,0.0,0.0,0.0,0,0,0.0,0.0,0,8,0,0,54,0.0,0,0.0,6.0,14.0,0.0,1,0,0.0,0,0,0.0,0.0,0.0,0,0.0,20,0,0,0.0,0.0,0.0,0,0.0,0.0,36,107,7.09,4.769166666666667,1.7974348304450376,1.2911919219673205,-2.4492935982947064e-16,1.0
2020-01,0.0,0.0,0.0,2.0,0.0,0.0,0,0.0,0.0,0,0.0,0.0,0.0,0,0,0.0,0.0,0,0,0,0,1,0.0,16,0.0,3.0,21.0,6.0,0,0,0.0,0,0,0.0,0.0,0.0,0,0.0,68,0,0,0.0,0.0,0.0,0,0.0,0.0,5,79,1.93,4.631666666666667,1.9530481227294376,-1.3833077819357644,0.4999999999999999,0.8660254037844387
2020-02,0.0,9.0,0.0,0.0,1.0,0.0,0,0.0,0.0,0,0.0,0.0,0.0,0,2,0.0,0.0,0,0,0,0,17,0.0,17,0.0,0.0,17.0,4.0,0,0,0.0,0,0,0.0,0.0,0.0,0,0.0,31,88,0,0.0,0.0,0.0,0,0.0,0.0,20,71,2.5400000000000005,4.581666666666667,2.001780268267287,-1.019925462865065,0.8660254037844386,0.5000000000000001
2020-03,0.0,0.0,0.0,0.0,0.0,0.0,0,0.0,0.0,0,0.0,0.0,0.0,17,3,0.0,0.0,0,39,0,0,2,0.0,13,0.0,0.0,0.0,0.0,1,0,0.0,0,0,0.0,0.0,0.0,0,0.0,0,59,0,0.0,0.0,0.0,0,0.0,1.0,4,29,3.78,4.574166666666667,2.004855280804504,-0.39612169230887595,1.0,6.123233995736766e-17
2020-04,0.0,0.0,0.0,0.0,0.0,0.0,0,0.0,0.0,0,0.0,0.0,0.0,4,11,0.0,0.0,0,18,0,0,0,0.0,87,0.0,0.0,0.0,4.0,1,0,0.0,0,0,0.0,0.0,0.0,0,0.0,22,265,5,0.0,0.0,0.0,0,0.0,0.0,0,31,4.49,4.569166666666667,2.0049958437197177,-0.039484703629008355,0.8660254037844387,-0.4999999999999998
2020-05,0.0,0.0,2.0,0.0,0.0,0.0,0,0.0,0.0,0,0.0,0.0,0.0,2,1,0.0,83.0,1,17,0,0,0,0.0,0,0.0,0.0,0.0,0.0,0,0,0.0,0,0,1.0,0.0,0.0,0,0.0,2,205,2,0.0,0.0,0.0,0,0.0,0.0,0,2,1.65,4.138333333333333,2.0326419589621136,-1.2241867400021103,0.4999999999999999,-0.8660254037844387
2020-06,0.0,0.0,0.0,0.0,0.0,0.0,0,0.0,0.0,0,0.0,0.0,0.0,24,1,0.0,0.0,2,64,5,0,0,0.0,0,0.0,0.0,0.0,0.0,7,0,0.0,0,0,0.0,0.0,0.0,0,0.0,0,618,1,0.0,0.0,0.0,0,0.0,0.0,0,0,1.7600000000000002,3.83,2.093644061091918,-0.988706742692649,1.2246467991473532e-16,-1.0
2020-07,0.0,0.0,0.0,0.0,0.0,0.0,0,0.0,0.0,0,0.0,0.0,0.0,133,6,0.0,0.0,2,87,81,13,0,0.0,0,0.0,0.0,0.0,0.0,17,0,0.0,0,0,2.0,0.0,0.0,0,0.0,0,666,3,0.0,6.0,0.0,0,0.0,0.0,0,0,6.580000000000001,3.8975000000000004,2.1734142599731303,1.2342331829704494,-0.5000000000000001,-0.8660254037844386
2020-08,0.0,0.0,2.0,0.0,0.0,0.0,0,2.0,0.0,0,0.0,0.0,0.0,174,4,0.0,0.0,0,30,18,6,0,0.0,3,0.0,0.0,0.0,0.0,4,0,0.0,0,0,1.0,0.0,0.0,0,0.0,27,663,20,0.0,70.0,0.0,0,0.0,0.0,0,0,5.029999999999999,4.008333333333334,2.1962192030575625,0.46519339474143007,-0.8660254037844384,-0.5000000000000004
2020-09,0.0,0.0,0.0,0.0,0.0,0.0,0,14.0,0.0,0,0.0,0.0,0.0,12,0,0.0,4.0,0,0,0,0,0,0.0,6,0.0,0.0,0.0,0.0,0,0,0.0,0,0,2.0,0.0,0.0,0,0.0,3,9,0,0.0,0.0,0.0,0,0.0,0.0,0,0,3.94,4.2575,1.976301067421388,-0.1606536601299638,-1.0,-1.8369701987210287e-16
2020-10,0.0,0.0,5.0,0.0,0.0,0.0,0,20.0,0.0,0,0.0,0.0,0.0,0,0,0.0,0.0,0,3,0,0,0,0.0,0,0.0,0.0,0.0,0.0,0,0,0.0,0,0,0.0,0.0,0.0,0,0.0,0,154,1,0.0,0.0,0.0,0,0.0,0.0,0,8,5.05,4.165833333333333,1.9047570035110122,0.46418869443025806,-0.8660254037844386,0.5000000000000001
2020-11,0.0,0.0,1.0,0.0,0.0,0.0,0,13.0,0.0,0,0.0,0.0,0.0,0,1,0.0,0.0,0,0,0,0,0,0.0,27,0.0,0.0,4.0,4.0,0,0,0.0,0,0,0.0,1.0,0.0,0,0.0,3,317,1,0.0,0.0,0.0,0,0.0,0.0,1,3,5.05,4.074166666666667,1.8254038573489015,0.5345848971474019,-0.5000000000000004,0.8660254037844384
2020-12,1.0,0.0,3.0,0.0,0.0,0.0,0,0.0,0.0,0,0.0,0.0,0.0,30,31,0.0,0.0,0,0,0,0,54,0.0,50,0.0,0.0,14.0,0.0,0,0,0.0,0,0,0.0,0.0,0.0,0,0.0,5,0,0,0.0,0.0,0.0,0,0.0,0.0,134,28,4.609999999999999,3.8674999999999997,1.5763140261670305,0.47103558534302,-2.4492935982947064e-16,1.0
2021-01,0.0,0.0,0.0,37.0,0.0,0.0,0,0.0,0.0,0,0.0,0.0,0.0,0,0,0.0,0.0,0,0,0,0,7,0.0,6,0.0,2.0,20.0,0.0,0,0,0.0,0,0,0.0,0.0,0.0,0,0.0,0,0,0,0.0,0.0,0.0,0,0.0,0.0,36,180,2.3100000000000005,3.8991666666666664,1.537184311024742,-1.0338166056400033,0.4999999999999999,0.8660254037844387
2021-02,0.0,0.0,20.0,0.0,0.0,0.0,0,0.0,0.0,0,0.0,0.0,0.0,0,0,0.0,0.0,0,0,0,0,27,0.0,1,0.0,12.0,19.0,0.0,0,0,0.0,0,0,0.0,0.0,0.0,0,0.0,0,0,0,0.0,0.0,0.0,0,0.0,0.0,207,333,2.3100000000000005,3.8799999999999994,1.5569784257278014,-1.008363362046016,0.8660254037844386,0.5000000000000001
2021-03,0.0,0.0,0.0,5.0,0.0,0.0,0,0.0,0.0,0,0.0,0.0,0.0,0,1,0.0,0.0,0,0,0,0,0,0.0,60,0.0,0.0,0.0,3.0,0,0,0.0,0,0,0.0,0.0,0.0,0,0.0,51,93,0,0.0,0.0,0.0,0,0.0,2.0,0,1,3.41,3.8491666666666666,1.5627915485573975,-0.2810142319185552,1.0,6.123233995736766e-17
2021-04,0.0,0.0,0.0,0.0,0.0,0.0,0,0.0,0.0,0,0.0,0.0,0.0,0,1,0.0,1.0,1,11,0,0,2,0.0,38,0.0,0.0,0.0,0.0,0,0,0.0,0,0,0.0,0.0,0.0,0,0.0,27,52,2,0.0,0.0,0.0,0,0.0,2.0,0,20,2.6899999999999995,3.6991666666666667,1.5819576958677353,-0.637922663357391,0.8660254037844387,-0.4999999999999998
2021-05,0.0,0.0,3.0,0.0,0.0,0.0,0,0.0,0.0,0,0.0,0.0,0.0,6,0,0.0,0.0,0,9,0,0,0,0.0,0,0.0,0.0,0.0,0.0,1,0,0.0,0,0,1.0,0.0,0.0,0,0.0,0,237,2,0.0,0.0,0.0,0,0.0,0.0,0,0,4.359999999999999,3.9250000000000003,1.450833616173194,0.2998276267869925,0.4999999999999999,-0.8660254037844387
2021-06,0.0,0.0,0.0,0.0,0.0,0.0,0,0.0,0.0,0,15.0,0.0,0.0,49,9,0.0,0.0,1,71,44,0,0,0.0,0,0.0,0.0,0.0,0.0,8,0,0.0,0,0,0.0,0.0,0.0,0,0.0,0,698,3,0.0,0.0,0.0,0,0.0,0.0,0,0,2.62,3.996666666666666,1.3520444676208871,-1.0182110867175138,1.2246467991473532e-16,-1.0
2021-07,0.0,0.0,0.0,0.0,1.0,0.0,0,0.0,0.0,0,0.0,0.0,0.0,259,20,0.0,0.0,4,107,17,16,0,0.0,0,0.0,0.0,0.0,0.0,10,0,0.0,0,0,0.0,0.0,0.0,0,0.0,0,1034,29,0.0,10.0,0.0,0,0.0,0.0,0,0,11.09,4.3725,2.3751559757394705,2.8282353111182954,-0.5000000000000001,-0.8660254037844386
2021-08,0.0,0.0,0.0,0.0,0.0,0.0,0,0.0,0.0,0,28.0,0.0,0.0,229,14,0.0,0.0,0,14,56,47,0,0.0,0,0.0,0.0,0.0,0.0,7,0,0.0,0,0,0.0,0.0,0.0,0,0.0,0,417,10,2.0,7.0,0.0,0,0.0,0.0,0,0,10.32,4.8133333333333335,2.9335592199527367,1.8771281756348475,-0.8660254037844384,-0.5000000000000004
2021-09,0.0,0.0,8.0,0.0,0.0,0.0,0,0.0,0.0,0,0.0,0.0,0.0,313,20,0.0,0.0,2,8,0,14,0,0.0,0,0.0,0.0,0.0,0.0,4,0,0.0,0,0,1.0,0.0,0.0,0,0.0,0,172,13,0.0,0.0,0.0,0,0.0,0.0,0,0,10.029999999999998,5.320833333333333,3.275580332574906,1.4376587317474911,-1.0,-1.8369701987210287e-16
2021-10,0.0,0.0,21.0,0.0,0.0,0.0,0,0.0,0.0,0,0.0,0.0,0.0,82,34,0.0,0.0,1,0,0,0,0,0.0,12,0.0,0.0,0.0,0.0,0,0,0.0,0,0,0.0,0.0,0.0,0,0.0,2,63,14,0.0,0.0,0.0,0,0.0,0.0,0,0,5.260000000000001,5.338333333333334,3.274562658747061,-0.02392176956030692,-0.8660254037844386,0.5000000000000001
2021-11,0.0,0.0,0.0,0.0,0.0,0.0,0,0.0,0.0,0,0.0,0.0,0.0,0,1,0.0,0.0,0,19,0,0,0,0.0,3,0.0,0.0,3.0,0.0,0,0,0.0,0,0,0.0,0.0,0.0,0,0.0,0,35,11,0.0,0.0,0.0,0,0.0,0.0,5,20,1.12,5.010833333333333,3.4951198661545058,-1.1132188543834434,-0.5000000000000004,0.8660254037844384
2021-12,0.0,0.0,0.0,0.0,0.0,0.0,0,0.0,0.0,0,0.0,0.0,0.0,0,0,0.0,0.0,0,0,0,0,0,0.0,64,0.0,0.0,1.0,9.0,0,0,0.0,0,0,0.0,0.0,0.0,0,0.0,56,22,0,0.0,0.0,0.0,0,0.0,0.0,2,100,1.3900000000000003,4.7425,3.648912976365827,-0.918766772930539,-2.4492935982947064e-16,1.0
2022-01,0.0,12.0,4.0,85.0,0.0,0.0,0,0.0,0.0,0,0.0,0.0,79.0,1,0,0.0,0.0,0,1,0,0,52,0.0,1,0.0,10.0,18.0,0.0,0,0,0.0,0,0,0.0,0.0,0.0,0,0.0,0,6,0,0.0,0.0,0.0,0,0.0,0.0,147,243,4.29,4.9075,3.5728932126626627,-0.17282912285525995,0.4999999999999999,0.8660254037844387
2022-02,0.0,0.0,0.0,0.0,0.0,0.0,0,0.0,0.0,0,0.0,0.0,4.0,3,22,0.0,0.0,0,0,0,0,18,0.0,6,0.0,13.0,4.0,0.0,0,0,0.0,0,0,0.0,0.0,0.0,0,0.0,47,14,0,0.0,0.0,0.0,0,0.0,0.0,92,217,3.2300000000000004,4.984166666666667,3.521591732914726,-0.49811755584023654,0.8660254037844386,0.5000000000000001
2022-03,0.0,0.0,0.0,0.0,0.0,0.0,0,0.0,0.0,0,0.0,2.0,0.0,2,1,0.0,0.0,0,2,0,0,35,0.0,18,0.0,0.0,2.0,0.0,2,0,0.0,0,0,0.0,0.0,0.0,0,0.0,34,263,3,0.0,0.0,0.0,0,0.0,0.0,67,97,2.39,4.899166666666667,3.5749468103693105,-0.7018752445179616,1.0,6.123233995736766e-17
2022-04,0.0,0.0,6.0,0.0,0.0,0.0,0,0.0,0.0,0,0.0,0.0,0.0,0,35,0.0,0.0,0,9,0,0,16,0.0,0,0.0,0.0,0.0,0.0,0,0,0.0,0,0,0.0,0.0,0.0,0,0.0,4,35,1,0.0,0.0,0.0,0,0.0,0.0,15,15,2.39,4.8741666666666665,3.5928045726103317,-0.6914282746143938,0.8660254037844387,-0.4999999999999998
2022-05,0.0,0.0,0.0,0.0,1.0,0.0,0,0.0,0.0,0,0.0,0.0,0.0,9,4,0.0,0.0,1,65,0,6,0,0.0,4,0.0,0.0,0.0,0.0,2,0,0.0,0,0,2.0,0.0,0.0,0,0.0,1,243,4,0.0,0.0,0.0,0,0.0,0.0,0,0,4.52,4.8875,3.591019417177449,-0.10233862792333676,0.4999999999999999,-0.8660254037844387
2022-06,0.0,0.0,0.0,0.0,0.0,0.0,0,0.0,0.0,0,1.0,0.0,0.0,13,2,0.0,0.0,0,47,0,0,0,0.0,0,0.0,0.0,0.0,0.0,0,0,0.0,0,0,3.0,0.0,0.0,0,0.0,0,228,1,0.0,0.0,0.0,0,0.0,1.0,0,0,2.92,4.9125000000000005,3.5748060977294487,-0.5573728883548521,1.2246467991473532e-16,-1.0
2022-07,0.0,0.0,0.0,0.0,0.0,0.0,0,0.0,0.0,0,0.0,0.0,0.0,32,0,0.0,0.0,0,45,36,5,0,0.0,0,0.0,0.0,0.0,0.0,6,0,0.0,0,0,1.0,0.0,0.0,0,0.0,0,534,4,0.0,0.0,0.0,0,0.0,0.0,0,0,4.549999999999999,4.3675,2.9996549043939287,0.06084033191040447,-0.5000000000000001,-0.8660254037844386
2022-08,0.0,0.0,0.0,0.0,0.0,0.0,0,5.0,0.0,0,17.0,0.0,0.0,35,3,0.0,0.0,1,17,43,31,0,0.0,0,0.0,0.0,0.0,0.0,4,0,0.0,0,0,0.0,0.0,0.0,0,0.0,0,200,2,0.0,0.0,0.0,0,0.0,1.0,0,0,1.71,3.65,2.420172796235086,-0.8015956559043795,-0.8660254037844384,-0.5000000000000004
2022-09,0.0,0.0,0.0,0.0,0.0,0.0,0,5.0,0.0,0,0.0,0.0,0.0,31,9,0.0,1.0,0,3,0,2,0,0.0,0,0.0,0.0,0.0,0.0,0,0,0.0,0,0,2.0,0.0,0.0,0,0.0,0,40,3,0.0,0.0,0.0,0,0.0,1.0,0,0,4.1000000000000005,3.1558333333333333,1.3816094589172747,0.6833817332190111,-1.0,-1.8369701987210287e-16
2022-10,0.0,0.0,12.0,0.0,0.0,31.0,0,4.0,0.0,0,0.0,0.0,0.0,1,1,0.0,2.0,0,0,0,0,0,0.0,6,0.0,0.0,0.0,0.0,0,0,0.0,0,0,0.0,0.0,0.0,0,0.0,0,4,0,0.0,0.0,0.0,0,0.0,0.0,0,0,5.08,3.140833333333333,1.3574538889428427,1.4285322562056604,-0.8660254037844386,0.5000000000000001
2022-11,0.0,0.0,0.0,0.0,0.0,17.0,0,2.0,0.0,0,0.0,0.0,0.0,0,1,0.0,0.0,0,19,0,7,0,0.0,7,0.0,0.0,29.0,0.0,0,0,0.0,0,0,0.0,0.0,0.0,0,0.0,8,18,0,0.0,0.0,0.0,0,0.0,1.0,2,81,3.1500000000000004,3.31,1.2000909056476394,-0.1333232334709297,-0.5000000000000004,0.8660254037844384
2022-12,0.0,10.0,21.0,58.0,0.0,39.0,0,0.0,0.0,0,0.0,0.0,24.0,2,7,0.0,0.0,0,0,0,0,0,0.0,34,0.0,3.0,19.0,4.0,0,0,0.0,0,0,0.0,0.0,0.0,0,0.0,41,6,0,0.0,0.0,0.0,0,0.0,0.0,76,140,5.83,3.68,1.2381657988551213,1.7364394994499222,-2.4492935982947064e-16,1.0
2023-01,0.0,0.0,0.0,0.0,0.0,21.0,0,0.0,0.0,0,0.0,0.0,0.0,0,4,0.0,0.0,0,0,0,0,4,0.0,0,0.0,0.0,0.0,0.0,0,0,0.0,0,0,0.0,0.0,0.0,0,0.0,2,0,0,0.0,0.0,0.0,0,0.0,0.0,20,78,4.38,3.6875,1.2424618157659248,0.5573611930867293,0.4999999999999999,0.8660254037844387
2023-02,0.0,0.0,0.0,7.0,0.0,22.0,0,0.0,0.0,0,0.0,0.0,38.0,0,0,0.0,0.0,0,13,0,0,18,0.0,15,0.0,6.0,1.0,0.0,1,0,0.0,0,0,0.0,0.0,0.0,0,0.0,30,20,1,0.0,0.0,0.0,0,0.0,0.0,6,83,1.28,3.525,1.4222485398448832,-1.5784864157743133,0.8660254037844386,0.5000000000000001
2023-03,0.0,0.0,0.0,0.0,0.0,14.0,0,0.0,0.0,0,0.0,0.0,0.0,0,0,3.0,0.0,0,3,0,0,20,0.0,22,0.0,0.0,3.0,3.0,0,0,0.0,0,0,0.0,0.0,0.0,0,0.0,20,14,0,0.0,0.0,0.0,0,0.0,0.0,69,65,3.3199999999999994,3.6024999999999996,1.3794737138752304,-0.20478824435617446,1.0,6.123233995736766e-17
2023-04,0.0,0.0,0.0,0.0,2.0,17.0,0,0.0,0.0,0,0.0,0.0,0.0,9,9,0.0,0.0,1,38,0,0,0,0.0,0,0.0,0.0,0.0,0.0,4,0,0.0,0,0,0.0,0.0,0.0,0,0.0,2,279,15,0.0,0.0,0.0,0,0.0,2.0,0,0,7.699999999999999,4.045,1.7555651770609633,2.0819506149688665,0.8660254037844387,-0.4999999999999998
2023-05,0.0,0.0,0.0,0.0,0.0,0.0,0,0.0,0.0,0,0.0,0.0,0.0,0,4,0.0,69.0,0,0,0,0,0,0.0,0,0.0,0.0,0.0,0.0,0,0,0.0,0,0,1.0,0.0,0.0,0,0.0,0,0,0,0.0,0.0,0.0,0,0.0,0.0,0,0,1.28,3.775,1.917548150396987,-1.3011407298864772,0.4999999999999999,-0.8660254037844387
2023-06,0.0,0.0,4.0,0.0,0.0,0.0,0,0.0,0.0,0,0.0,0.0,0.0,28,7,0.0,0.0,3,72,0,0,0,0.0,0,0.0,0.0,0.0,0.0,10,0,0.0,0,0,1.0,0.0,0.0,0,0.0,0,220,5,0.0,0.0,0.0,0,0.0,0.0,0,0,1.62,3.6666666666666665,2.004972606175742,-1.0207953267603247,1.2246467991473532e-16,-1.0
2023-07,0.0,0.0,0.0,0.0,0.0,22.0,0,0.0,0.0,0,0.0,0.0,0.0,326,32,0.0,0.0,7,59,18,1,0,0.0,0,0.0,0.0,0.0,0.0,10,0,0.0,0,0,2.0,0.0,0.0,0,0.0,0,792,7,0.0,0.0,0.0,0,0.0,0.0,0,0,5.340000000000001,3.7325000000000004,2.049097916822734,0.7844915495754048,-0.5000000000000001,-0.8660254037844386
2023-08,0.0,0.0,0.0,0.0,2.0,0.0,0,0.0,0.0,0,0.0,0.0,0.0,37,13,0.0,0.0,5,76,0,0,0,0.0,0,0.0,0.0,0.0,0.0,3,0,0.0,0,0,0.0,0.0,0.0,0,0.0,0,431,27,0.0,0.0,0.0,0,0.0,0.0,0,0,6.559999999999999,4.136666666666667,2.0917775535016467,1.1585043205366934,-0.8660254037844384,-0.5000000000000004
2023-09,0.0,0.0,8.0,0.0,0.0,0.0,0,0.0,0.0,0,0.0,0.0,0.0,143,7,0.0,0.0,1,60,14,0,0,1.0,2,0.0,0.0,0.0,0.0,7,0,0.0,0,0,3.0,0.0,0.0,0,0.0,0,326,1,0.0,0.0,0.0,0,0.0,0.0,0,0,14.25,4.9825,3.590692830081684,2.580978223021426,-1.0,-1.8369701987210287e-16
2023-10,0.0,0.0,0.0,0.0,0.0,38.0,0,0.0,0.0,0,0.0,0.0,0.0,2,1,0.0,0.0,0,0,1,0,0,0.0,0,0.0,0.0,0.0,0.0,0,0,0.0,0,0,0.0,0.0,0.0,0,0.0,0,0,0,0.0,0.0,0.0,0,0.0,0.0,0,0,3.9,4.884166666666666,3.603913172027756,-0.27308279075794745,-0.8660254037844386,0.5000000000000001
2023-11,0.0,0.0,2.0,0.0,0.0,0.0,0,0.0,0.0,0,0.0,0.0,0.0,0,1,0.0,0.0,0,0,0,0,0,0.0,3,0.0,0.0,15.0,0.0,0,0,0.0,0,0,0.0,0.0,0.0,0,0.0,2,0,0,0.0,0.0,0.0,0,0.0,0.0,0,19,2.95,4.8675,3.613112797977542,-0.5307058227114664,-0.5000000000000004,0.8660254037844384
2023-12,0.0,0.0,20.0,0.0,0.0,59.0,0,0.0,0.0,0,0.0,0.0,0.0,71,135,0.0,0.0,0,0,0,0,2,0.0,28,0.0,0.0,1.0,0.0,0,0,0.0,0,0,0.0,0.0,0.0,0,0.0,6,2,0,0.0,0.0,0.0,0,0.0,0.0,6,34,6.709999999999999,4.940833333333333,3.64322898322936,0.4856040273094435,-2.4492935982947064e-16,1.0
2024-01,0.0,0.0,63.0,0.0,0.0,35.0,0,0.0,0.0,0,0.0,1.0,0.0,6,19,0.0,0.0,0,0,0,0,74,0.0,95,0.0,0.0,14.0,0.0,0,0,0.0,0,0,0.0,0.0,0.0,0,0.0,31,0,0,0.0,0.0,0.0,0,0.0,0.0,45,270,5.280000000000001,5.015833333333333,3.6398962481051176,0.07257532870729205,0.4999999999999999,0.8660254037844387
2024-02,0.0,0.0,6.0,0.0,0.0,0.0,0,0.0,0.0,0,0.0,0.0,0.0,0,0,0.0,0.0,0,1,0,0,54,0.0,35,0.0,0.0,8.0,0.0,0,0,0.0,0,0,0.0,0.0,0.0,0,0.0,22,6,1,0.0,0.0,0.0,0,0.0,0.0,31,98,2.0500000000000003,5.08,3.5742462651077047,-0.8477311789003702,0.8660254037844386,0.5000000000000001
2024-03,0.0,0.0,13.0,0.0,0.0,4.0,0,0.0,0.0,0,0.0,0.0,0.0,0,5,0.0,0.0,0,14,0,0,10,0.0,32,0.0,0.0,0.0,0.0,0,0,0.0,0,0,0.0,0.0,0.0,0,0.0,29,0,0,0.0,0.0,0.0,0,0.0,0.0,30,34,9.06,5.558333333333334,3.699198520892021,0.9466014453915489,1.0,6.123233995736766e-17
2024-04,0.0,0.0,24.0,0.0,0.0,7.0,0,0.0,0.0,0,0.0,0.0,0.0,84,32,0.0,0.0,0,101,0,0,0,0.0,16,0.0,0.0,0.0,0.0,3,0,0.0,0,0,0.0,0.0,0.0,0,0.0,7,57,0,0.0,0.0,0.0,0,0.0,0.0,12,21,3.469999999999999,5.2058333333333335,3.67804409072721,-0.4719446778002413,0.8660254037844387,-0.4999999999999998
2024-05,0.0,0.0,0.0,0.0,0.0,14.0,0,0.0,0.0,0,0.0,0.0,0.0,14,2,0.0,0.0,1,35,0,0,0,0.0,0,0.0,0.0,0.0,0.0,4,0,0.0,0,0,0.0,0.0,0.0,0,0.0,0,179,15,0.0,0.0,0.0,0,0.0,0.0,0,0,4.11,5.441666666666666,3.489326148369767,-0.38164006746369306,0.4999999999999999,-0.8660254037844387
2024-06,0.0,0.0,0.0,0.0,0.0,3.0,0,0.0,0.0,0,20.0,0.0,0.0,34,2,0.0,0.0,1,33,80,2,0,0.0,0,0.0,0.0,0.0,0.0,4,0,0.0,0,0,1.0,0.0,0.0,0,0.0,8,889,10,0.0,0.0,0.0,0,0.0,0.0,0,0,1.7100000000000002,5.449166666666667,3.4804504889540704,-1.0743341066145562,1.2246467991473532e-16,-1.0
2024-07,0.0,0.0,0.0,0.0,0.0,0.0,0,13.0,0.0,0,76.0,0.0,0.0,55,3,0.0,0.0,10,19,57,1,0,0.0,0,0.0,0.0,0.0,0.0,5,0,0.0,0,0,1.0,0.0,0.0,0,0.0,0,762,24,0.0,0.0,0.0,0,0.0,0.0,0,0,4.2,5.354166666666667,3.4992088932768644,-0.3298364578588612,-0.5000000000000001,-0.8660254037844386
2024-08,0.0,0.0,0.0,0.0,0.0,2.0,0,16.0,0.0,0,19.0,1.0,0.0,331,31,0.0,0.0,0,66,7,0,0,0.0,11,0.0,0.0,0.0,0.0,2,0,0.0,0,0,1.0,0.0,0.0,0,0.0,15,381,7,0.0,0.0,0.0,0,0.0,0.0,0,0,7.02,5.392499999999999,3.516098367121254,0.4628710093035561,-0.8660254037844384,-0.5000000000000004
2024-09,0.0,0.0,8.0,0.0,0.0,20.0,0,4.0,0.0,0,0.0,0.0,0.0,18,2,0.0,0.0,2,19,0,0,0,0.0,0,0.0,0.0,0.0,0.0,1,0,0.0,0,0,0.0,0.0,0.0,0,0.0,0,54,4,0.0,0.0,0.0,0,0.0,0.0,0,0,1.58,4.336666666666667,2.3099560536289374,-1.1933848967974727,-1.0,-1.8369701987210287e-16
2024-10,0.0,0.0,2.0,0.0,0.0,11.0,0,4.0,0.0,0,0.0,0.0,0.0,0,0,0.0,5.0,0,9,0,0,0,0.0,0,0.0,0.0,0.0,0.0,0,0,0.0,0,0,0.0,0.0,0.0,0,0.0,0,68,0,0.0,0.0,0.0,0,0.0,0.0,0,0,0.01,4.0125,2.6278789407567325,-1.523091470434109,-0.8660254037844386,0.5000000000000001
2024-11,0.0,0.0,6.0,0.0,0.0,0.0,0,29.0,0.0,0,0.0,0.0,0.0,0,0,0.0,0.0,0,0,0,0,26,0.0,0,0.0,0.0,13.0,1.0,0,0,0.0,0,0,0.0,0.0,0.0,0,0.0,1,46,1,0.0,0.0,0.0,0,0.0,2.0,15,33,3.35,4.045833333333333,2.6156850600432255,-0.2660233618958065,-0.5000000000000004,0.8660254037844384
2024-12,0.0,0.0,0.0,1.0,0.0,34.0,0,23.0,0.0,0,0.0,1.0,0.0,0,0,0.0,0.0,0,0,0,0,5,0.0,11,0.0,0.0,47.0,0.0,0,0,0.0,0,0,0.0,0.0,0.0,0,0.0,17,3,0,0.0,0.0,0.0,0,0.0,0.0,21,111,4.53,3.864166666666667,2.486335230572876,0.2677970875149923,-2.4492935982947064e-16,1.0
2025-01,0.0,0.0,0.0,0.0,0.0,0.0,0,0.0,0.0,0,0.0,0.0,0.0,0,1,0.0,0.0,0,0,0,0,0,0.0,0,0.0,0.0,0.0,0.0,0,0,0.0,0,7,0.0,0.0,0.0,0,0.0,0,0,0,0.0,0.0,0.0,0,0.0,0.0,0,0,4.22853448275862,3.776544540229885,2.4501677103970736,0.18447306305227812,0.4999999999999999,0.8660254037844387
2025-02,0.0,0.0,0.0,0.0,0.0,0.0,0,0.0,0.0,0,0.0,0.0,0.0,0,9,0.0,0.0,0,0,0,0,0,0.0,0,0.0,0.0,0.0,0.0,0,0,0.0,0,0,0.0,0.0,0.0,0,0.0,0,0,0,0.0,0.0,0.0,0,0.0,0.0,0,0,2.6,3.822377873563218,2.4198916687287437,-0.505137436257788,0.8660254037844386,0.5000000000000001
2025-03,0.0,0.0,0.0,0.0,0.0,0.0,0,0.0,0.0,0,0.0,0.0,0.0,0,2,0.0,0.0,0,0,0,0,0,0.0,0,0.0,0.0,0.0,0.0,0,0,0.0,0,0,0.0,0.0,0.0,0,0.0,0,25,10,0.0,0.0,0.0,0,0.0,0.0,0,0,5.5200000000000005,3.527377873563218,1.8785770223287759,1.0607082396688907,1.0,6.123233995736766e-17
